direction,volume_regime,outcome,n,n_dates,mean_bps,ci_low_bps,ci_high_bps,median_bps,median_ci_low_bps,median_ci_high_bps,t_stat_clustered,std_bps,p_positive,mean_close30_bps,mean_avol,p_same_sign,p_same_ci_low,p_same_ci_high,excess_bps,excess_ci_low_bps,excess_ci_high_bps,excess_p_value
all (baseline),all,r_overnight,14958,1256,4.808004602820402,-0.19469530621480954,9.85472675481932,6.158401553616466,3.3334797063903077,9.343256089838825,1.9040194626082674,138.72267631224952,0.538307260328921,-0.15820243778962095,0.05698430807441153,,,,,,,
strong up,high,r_overnight,625,269,7.21494091562159,-13.710037264963958,28.1371679277413,7.2290898575855245,-4.047130230700247,19.60093561508551,-0.2470766668195786,171.77470080183906,0.5344,83.76765862563485,0.532590628736503,0.5344,0.4694526533114345,0.5955766192733017,2.4069363128011876,-17.043055137243435,22.081505490397618,0.8124
strong up,ordinary,r_overnight,391,201,2.8667665787613994,-13.061768047070482,19.442697180409606,5.442580772845318,-8.632118766298547,19.328051923259704,-1.0738098345457794,112.98691336079037,0.5268542199488491,58.77676526799194,-0.06075659172566303,0.5268542199488491,0.4524478523397832,0.6000112866817154,-1.9412380240590024,-17.567389916685045,13.633089772789678,0.7912
strong down,high,r_overnight,611,261,29.339437380256957,5.661879798694955,51.589739059167506,30.47568570292869,12.084714028468863,43.26718899526072,3.4722249973392416,176.39393083258366,0.6088379705400983,-85.50440385836389,0.5127481509754972,0.3911620294599018,0.32275110155544934,0.46088504620089077,24.531432777436553,2.777345075860496,45.4740501541689,0.0268
strong down,ordinary,r_overnight,347,195,18.011476397539415,-3.312286684600923,39.0012588950073,27.498758736583806,5.9495478343651875,39.84403806187586,2.1780458338589366,145.2245850149612,0.6080691642651297,-69.59671761367501,-0.042880227281773355,0.3919308357348703,0.3184708636639369,0.47091453005218065,13.203471794719015,-7.258747658439766,33.036390449559114,0.207
all (baseline),all,r_open30_next,14927,1255,2.5999304088977926,-0.09314587792856942,5.314129102963578,2.6656004264968836,0.6027664212125972,4.864525852224936,1.8174213758802003,92.31630751934249,0.5155100949324776,-0.15820243778962095,0.05698430807441153,,,,,,,
strong up,high,r_open30_next,624,268,-7.816482076039774,-19.803356871641082,4.3549016768953415,-7.615891279376674,-19.79536836080098,2.5844245348038974,-0.34348471631504396,107.30914482858789,0.4624,83.76765862563485,0.532590628736503,0.46314102564102566,0.40916030534351144,0.5178584754797442,-10.416412484937567,-21.879236095141266,1.119225847289589,0.08
strong up,ordinary,r_open30_next,390,200,4.587827943810373,-6.394731748499012,15.47789191030995,4.509938539826175,-7.523039307881785,16.097583095269208,1.179282416059584,88.26966603084134,0.5140664961636828,58.77676526799194,-0.06075659172566303,0.5153846153846153,0.4538778711816245,0.577322293476202,1.9878975349125805,-8.285209076366952,12.444395168792683,0.7076
strong down,high,r_open30_next,610,260,5.338967579756288,-6.793572079548429,18.109587269022782,3.067522763059438,-7.634457529159408,12.73009276872239,0.750911906703237,117.52022394560706,0.513911620294599,-85.50440385836389,0.5127481509754972,0.48360655737704916,0.425305120290647,0.5394559196452604,2.7390371708584946,-8.940618556824935,14.813403062270917,0.6562
strong down,ordinary,r_open30_next,346,194,3.654122900027265,-7.981718997246887,14.299523276709156,10.22007346722198,-6.499458378468326,16.98204754973398,0.5114503450952281,90.42379981344705,0.5446685878962536,-69.59671761367501,-0.042880227281773355,0.45375722543352603,0.3941176470588235,0.5170454545454546,1.0541924911294722,-10.332297695547433,11.655618511329266,0.8612
all (baseline),all,r_session_next,14958,1256,3.8593446966732063,-2.9402370392298742,10.563103334308742,5.271811604811161,0.0,10.042709214469257,1.120729825123542,175.1654314697509,0.5167134643668939,-0.15820243778962095,0.05698430807441153,,,,,,,
strong up,high,r_session_next,625,269,0.1683079424334046,-29.979618836224816,28.476759676177466,5.050249987375022,-16.68891855807764,33.97508493771184,0.0980969927593329,206.3195424867607,0.5152,83.76765862563485,0.532590628736503,0.5152,0.451406383585067,0.5779223622262152,-3.6910367542398017,-32.74628201381539,23.014714828835263,0.8024
strong up,ordinary,r_session_next,391,201,-9.588833774374507,-33.780591474041444,14.675634399737362,-2.0302507359670763,-24.521824423736625,17.418187555026872,0.6060786094908959,162.9005152986051,0.4859335038363171,58.77676526799194,-0.06075659172566303,0.4859335038363171,0.41904761904761906,0.5562013226926771,-13.448178471047711,-36.56782730683244,9.367279424672088,0.262
strong down,high,r_session_next,611,261,10.748693395227532,-13.408132655023381,35.23672868551266,6.916526174729487,-15.3073558539006,22.85476833575606,0.4417891763391919,200.53184553284757,0.5122749590834698,-85.50440385836389,0.5127481509754972,0.4877250409165303,0.4295407609451975,0.5498413274655365,6.8893486985543255,-15.421309324159786,30.332357498910365,0.5632
strong down,ordinary,r_session_next,347,195,-11.957952388007032,-34.26097884909332,9.9598771533578,-8.387251377904859,-28.85077736816788,14.2920946851266,-0.8458630615524682,162.2620917569635,0.46397694524495675,-69.59671761367501,-0.042880227281773355,0.5331412103746398,0.46022601568785193,0.6055911556294287,-15.817297084680238,-37.72859213044624,5.548199064679862,0.148
all (baseline),all,r_next_close_to_close,14958,1256,8.55358175293402,0.447990606134084,16.65244374966845,9.983964771279608,3.8516844700087205,15.333074536917756,2.0783368919782403,218.30832271113312,0.5284128894237198,-0.15820243778962095,0.05698430807441153,,,,,,,
strong up,high,r_next_close_to_close,625,269,6.912711981948448,-24.55986723671672,37.92801515077019,15.679715674488115,-14.232181927467808,44.96663765593212,-0.09267808251468103,251.82837346592441,0.5296,83.76765862563485,0.532590628736503,0.5296,0.46577404334020756,0.5925378501901738,-1.6408697709855726,-31.790701434567815,28.018837861798765,0.914
strong up,ordinary,r_next_close_to_close,391,201,-6.597167416996437,-36.92726310298863,24.00323107998476,-9.659203487220047,-29.996319895532196,16.746593590621917,-0.151528902390227,205.26831375701082,0.4833759590792839,58.77676526799194,-0.06075659172566303,0.4833759590792839,0.4088513214974293,0.5589625665215288,-15.150749169930457,-43.624730483114284,13.670171670591445,0.3128
strong down,high,r_next_close_to_close,611,261,39.38718876450145,10.445523906338416,66.7315825414622,42.57177164065151,14.84836067814438,64.34529326095672,2.776967924066918,238.72668440955033,0.5973813420621932,-85.50440385836389,0.5127481509754972,0.4026186579378069,0.34628635498776844,0.46154173764906303,30.83360701156743,3.7103565737667568,57.27650660734668,0.0256
strong down,ordinary,r_next_close_to_close,347,195,6.360638481285892,-27.140074230473004,38.42832263702942,18.92529163564305,-11.007505956378186,48.11547714514974,0.8042330963554601,231.2758289302123,0.547550432276657,-69.59671761367501,-0.042880227281773355,0.45244956772334294,0.38281192043768547,0.5233918128654971,-2.192943271648129,-33.74210775629718,28.458580896302603,0.8986
