end_session,coef,se,n,ci_low,ci_high
2022-03-02,0.030666754034394998,0.13216508825824935,2955,-0.2283768189517737,0.2897103270205637
2022-03-03,0.03136366817122193,0.13258586103921266,2959,-0.22850461946563488,0.29123195580807876
2022-03-04,0.02273858983976554,0.13168004911800588,2960,-0.23535430643152597,0.280831486111057
2022-03-07,0.02697026201367847,0.13042496627330996,2961,-0.22866267188200906,0.282603195909366
2022-03-08,-0.002654196017017524,0.13391360119833157,2961,-0.2651248543657474,0.2598164623317123
2022-03-09,0.011273114875738875,0.1347156561217762,2961,-0.2527695711229424,0.2753158008744202
2022-03-10,0.01388346896913983,0.13456973920525783,2961,-0.24987321987316552,0.2776401578114452
2022-03-11,0.010778870452582235,0.13353133646324764,2961,-0.2509425490153831,0.2725002899205476
2022-03-14,0.0012451178456627104,0.13331998445576304,2961,-0.26006205168763286,0.2625522873789583
2022-03-15,0.0005057375646535661,0.13390699464493092,2961,-0.26195197193941105,0.26296344706871816
2022-03-16,-0.013012066161643979,0.13225932072829746,2961,-0.272240334789107,0.24621620246581905
2022-03-17,-0.020034624978670368,0.13193200759007903,2961,-0.27862135985522524,0.2385521098978845
2022-03-18,-0.02473833158758436,0.13281753808728966,2961,-0.2850607062386721,0.23558404306350333
2022-03-21,-0.030150150922049063,0.13283297838968217,2961,-0.2905027885658261,0.23020248672172797
2022-03-22,-0.03179080308636952,0.13402929473462094,2961,-0.29448822076622655,0.23090661459348752
2022-03-23,-0.0370784693470463,0.13331452524035925,2961,-0.2983749388181504,0.22421800012405785
2022-03-24,-0.049322116817013456,0.133613629002628,2961,-0.31120482966216434,0.2125605960281374
2022-03-25,-0.04514863680232058,0.13260848841482464,2961,-0.30506127409537687,0.21476400049073574
2022-03-28,-0.03629753049122528,0.13487042796012136,2961,-0.30064356929306313,0.2280485083106126
2022-03-29,-0.03514534213469708,0.1352542441014237,2961,-0.3002436605734875,0.22995297630409336
2022-03-30,-0.0389839135084977,0.13516394839609217,2960,-0.30390525236483834,0.22593742534784292
2022-03-31,-0.03604944310107788,0.13216140117755096,2960,-0.29508578940907776,0.222986903206922
2022-04-01,-0.035193538706245184,0.13135757184547142,2960,-0.2926543795233692,0.2222673021108788
2022-04-04,-0.03634110260329572,0.1316924033434489,2960,-0.29445821315645554,0.22177600794986413
2022-04-05,-0.03811342244736987,0.13169541418221228,2960,-0.29623643424450596,0.22000958934976622
2022-04-06,-0.04096409961727114,0.13167181170226644,2960,-0.2990408505537134,0.21711265131917107
2022-04-07,-0.037581894031745944,0.13159680957592584,2960,-0.2955116408005606,0.2203478527370687
2022-04-08,-0.018812936250895782,0.13280315239150903,2960,-0.2791071149382535,0.24148124243646193
2022-04-11,-0.03158875914965957,0.13258372750448946,2960,-0.2914528650584589,0.22827534675913974
2022-04-12,-0.03619089123712835,0.1322005431692571,2960,-0.29530395584887226,0.2229221733746156
2022-04-13,-0.02895521622817087,0.13245967839295403,2960,-0.28857618587836076,0.230665753422019
2022-04-14,-0.027475557418869204,0.13222643749826934,2960,-0.2866393749154771,0.23168826007773868
2022-04-18,-0.027363647811685037,0.1321965701352712,2960,-0.2864689252768166,0.23174162965344652
2022-04-19,-0.026061677748955524,0.13244698778500713,2960,-0.28565777380756946,0.23353441830965843
2022-04-20,-0.03712778475402624,0.13264604732492716,2960,-0.29711403751088344,0.222858468002831
2022-04-21,-0.03612803579704436,0.13297990913172533,2960,-0.29676865769522603,0.2245125861011373
2022-04-22,-0.025299508636587947,0.1326627007534973,2960,-0.2853184021134426,0.23471938484026675
2022-04-25,-0.03169612016472545,0.1322191378891006,2960,-0.29084563042736267,0.22745339009791177
2022-04-26,-0.034187171275003474,0.13103152444087018,2960,-0.291008959179109,0.22263461662910206
2022-04-27,-0.009383786927468864,0.13408176466079633,2960,-0.27218404566262966,0.2534164718076919
2022-04-28,0.017028719622498353,0.1344249948719944,2960,-0.2464442703266107,0.2805017095716074
2022-04-29,0.019018382280197317,0.1329287774120908,2960,-0.24152202144750068,0.2795587860078953
2022-05-02,0.017542162950257064,0.13021078037045758,2960,-0.2376709665758398,0.27275529247635394
2022-05-03,0.014989784510005488,0.13010661333707213,2960,-0.2400191776306559,0.26999874665066687
2022-05-04,-0.012976091760723556,0.12967455071239292,2960,-0.2671382111570137,0.24118602763556657
2022-05-05,-0.021268559254665666,0.1263647351438955,2960,-0.26894344013670085,0.22640632162736954
2022-05-06,-0.06222932491233173,0.12881960898657493,2960,-0.31471575852601863,0.19025710870135515
2022-05-09,-0.08120032108848843,0.12922943992965866,2960,-0.3344900233506194,0.17208938117364256
2022-05-10,-0.08854703363326726,0.12837124895017168,2961,-0.34015468157560375,0.1630606143090692
2022-05-11,-0.08009435871558729,0.12863833201418906,2963,-0.33222548946339786,0.17203677203222328
2022-05-12,-0.030121313725256803,0.13502715339745677,2964,-0.29477453438427204,0.23453190693375844
2022-05-13,-0.023918931824937005,0.13495963979636608,2965,-0.2884398258258145,0.24060196217594051
2022-05-16,-0.03779679716705398,0.13523734159392076,2967,-0.3028619866911387,0.22726839235703072
2022-05-17,-0.040023778697310906,0.1362468852804838,2968,-0.30706767384705913,0.22702011645243733
2022-05-18,-0.07189049479942117,0.1340009669304572,2969,-0.3345323899831173,0.19075140038427496
2022-05-19,-0.0782200544522528,0.13391026540503478,2970,-0.340684174646121,0.18424406574161536
2022-05-20,-0.06971755394711265,0.12859447255219159,2972,-0.32176272014940815,0.18232761225518285
2022-05-23,-0.08947628433229868,0.1302441544795427,2973,-0.3447548271122024,0.16580225844760502
2022-05-24,-0.09253355607861738,0.13033773687338354,2974,-0.3479955203504491,0.16292840819321433
2022-05-25,-0.09339778731574633,0.12994275619827092,2975,-0.3480855894643573,0.16129001483286465
2022-05-26,-0.0872077174151951,0.13007970714944628,2977,-0.3421639434281098,0.16774850859771956
2022-05-27,-0.08550436111708569,0.13089841474774538,2979,-0.34206525402266663,0.17105653178849523
2022-05-31,-0.09281733511301696,0.13041653209507686,2980,-0.3484337380193676,0.16279906779333367
2022-06-01,-0.0858369384670036,0.1289347060981579,2982,-0.33854896241939314,0.1668750854853859
2022-06-02,-0.09922301868775615,0.12904589658326707,2984,-0.3521529759909596,0.1537069386154473
2022-06-03,-0.09767831797051985,0.12909675966544593,2984,-0.35070796691479383,0.15535133097375414
2022-06-06,-0.10380866520252544,0.1289460146655653,2985,-0.35654285394703344,0.14892552354198255
2022-06-07,-0.10589801692320847,0.12882064780547223,2988,-0.35838648662193406,0.1465904527755171
2022-06-08,-0.10417767241196974,0.12885725882724386,2988,-0.35673789971336767,0.1483825548894282
2022-06-09,-0.07928771622532883,0.12958161245368044,2989,-0.3332676766345425,0.17469224418388485
2022-06-10,-0.019607908442304423,0.14078051745936798,2989,-0.29553772266266565,0.2563219057780568
2022-06-13,-0.02046655009683368,0.1407676319794296,2991,-0.2963711087765157,0.2554380085828483
2022-06-14,-0.013076706084859752,0.1411122210006641,2991,-0.28965665924616135,0.2635032470764419
2022-06-15,0.02502520257643885,0.14466687849895318,2991,-0.2585218792815094,0.3085722844343871
2022-06-16,0.02408353287136991,0.14470538614496622,2991,-0.25953902397276385,0.30770608971550373
2022-06-17,0.0057055129921050884,0.14487714485769657,2991,-0.27825369092898017,0.28966471691319035
2022-06-21,0.015886367022303616,0.14510293015264514,2991,-0.26851537607688086,0.3002881101214881
2022-06-22,0.00965459966699804,0.14494820896738084,2991,-0.2744438899090684,0.2937530892430645
2022-06-23,0.01549748772138028,0.14493898656094364,2991,-0.26858292593806926,0.2995779013808298
2022-06-24,0.023598931591794506,0.14359671590820028,2992,-0.25785063158827803,0.305048494771867
2022-06-27,0.022836911300494075,0.14366371892274438,2992,-0.2587439777880849,0.30441780038907307
2022-06-28,0.021786763424547634,0.14317029751712051,2992,-0.25882701970900857,0.3024005465581039
2022-06-29,0.028442115315427174,0.14292230790168875,2993,-0.2516856081718828,0.30856983880273714
2022-06-30,0.03017151720558711,0.14284098615428342,2995,-0.24979681565680842,0.3101398500679826
2022-07-01,0.020859672829648165,0.14269049331633632,2997,-0.258813694070371,0.3005330397296674
2022-07-05,0.01824918980514246,0.14237968973218756,2997,-0.2608150020699452,0.2973133816802301
2022-07-06,0.010329649273014812,0.14158327737951684,2997,-0.26717357439083816,0.2878328729368678
2022-07-07,0.008358009778078119,0.14146952104170354,2997,-0.26892225146366083,0.28563827101981704
2022-07-08,0.007134436518215371,0.1413569324309151,2998,-0.2699251510463782,0.28419402408280897
2022-07-11,0.004802294602345984,0.14149353942427617,2998,-0.2725250426692353,0.28212963187392726
2022-07-12,-0.006608827122030005,0.1414300982191515,2998,-0.28381181963156693,0.27059416538750697
2022-07-13,-0.00025657937955866385,0.14141089665113812,2998,-0.27742193681578936,0.2769087780566721
2022-07-14,-0.002599694563639704,0.14135383089235815,2998,-0.2796532031126616,0.27445381398538227
2022-07-15,0.003963193645086323,0.14135921071522556,2998,-0.27310085935675577,0.28102724664692846
2022-07-18,0.0003599611290936097,0.14148349715233935,2998,-0.27694769328949154,0.2776676155476787
2022-07-19,0.0022051898222929314,0.14154724388616344,2999,-0.27522740819458735,0.27963778783917326
2022-07-20,-0.0029397159397424044,0.14220254512138772,2999,-0.2816567043776623,0.2757772724981775
2022-07-21,-0.005994177669574715,0.14218437148449822,2999,-0.28467554577919124,0.2726871904400418
2022-07-22,-0.009179231886632565,0.14243568025628758,3000,-0.2883531651889562,0.2699947014156911
2022-07-25,-0.01748440512680398,0.14165051070931095,3000,-0.29511940611705345,0.26015059586344547
2022-07-26,-0.010709904548062393,0.14191208127735325,3000,-0.2888575838516747,0.26743777475555
2022-07-27,-0.007985036291233486,0.14133497444949822,3000,-0.28500158621224997,0.269031513629783
2022-07-28,-0.00886382789047346,0.14117348700024177,3005,-0.28556386241094733,0.2678362066300004
2022-07-29,-0.005263052850265029,0.14096914909989372,3005,-0.2815625850860567,0.27103647938552666
2022-08-01,-0.0023591750236353157,0.1409958237124797,3005,-0.27871098950009554,0.2739926394528249
2022-08-02,-0.006994898444782951,0.1406180239575393,3005,-0.28260622540156,0.2686164285119941
2022-08-03,-0.005787428409126601,0.1404607646862401,3006,-0.2810905271941572,0.269515670375904
2022-08-04,-0.004067514510058073,0.1401083325742182,3008,-0.2786798463555258,0.2705448173354096
2022-08-05,-0.0028803912588980926,0.1399595967345329,3008,-0.2772012008585826,0.27144041834078636
2022-08-08,-0.007627826447051161,0.1398101459355217,3009,-0.2816557124806737,0.26640005958657137
2022-08-09,-0.009194244402612739,0.13990135981298235,3009,-0.28340090963605813,0.26501242083083265
2022-08-10,-0.007596452240631862,0.14000352162113736,3009,-0.2820033546180611,0.26681045013679733
2022-08-11,-0.006672251903589696,0.14009879390836188,3009,-0.281265887963979,0.26792138415679956
2022-08-12,-0.010703273023114216,0.1399277809149048,3009,-0.2849617236163276,0.2635551775700992
2022-08-15,-0.01145338622869051,0.1398756830721439,3009,-0.2856097250500926,0.26270295259271154
2022-08-16,-0.011355262572165847,0.13985265131009209,3009,-0.28546645913994634,0.26275593399561464
2022-08-17,-0.010147863393061212,0.13975859451870745,3010,-0.28407470864972784,0.2637789818636054
2022-08-18,-0.0068369605800601705,0.1397007311300897,3010,-0.280650393595036,0.2669764724349157
2022-08-19,-0.009735115895571602,0.14075534133752005,3010,-0.28561558491711087,0.2661453531259677
2022-08-22,-0.007746267126270129,0.14090821614626847,3012,-0.28392637077295635,0.2684338365204161
2022-08-23,-0.0077369445616890355,0.14078545351669813,3012,-0.2836764334544174,0.2682025443310393
2022-08-25,-0.008257175450767327,0.14003139102103523,3014,-0.2827187018519964,0.26620435095046174
2022-08-26,-0.0007907364993926169,0.13954756155040268,3014,-0.27430395713818184,0.27272248413939665
2022-08-29,-0.0049313997140147635,0.13908021553227334,3014,-0.2775286221572705,0.267665822729241
2022-08-30,-0.005148859138379166,0.13910099797985276,3014,-0.27778681517889053,0.26748909690213224
2022-08-31,0.001859075983633592,0.13866944572560327,3015,-0.2699330376385488,0.273651189605816
2022-09-01,0.017944073868837573,0.13825450119520988,3016,-0.2530347484737738,0.2889228962114489
2022-09-02,0.016861995907080894,0.13838172084490813,3016,-0.25436617694893904,0.2880901687631008
2022-09-06,0.017197624706922543,0.13834695041903874,3016,-0.2539623981143934,0.2883576475282385
2022-09-07,0.021025796390915293,0.13811754607050986,3016,-0.24968459390728404,0.2917361866891146
2022-09-08,0.025210339226673224,0.13807174196381347,3015,-0.24541027502240118,0.2958309534757476
2022-09-12,0.012721232192690068,0.13825188433674251,3015,-0.25825246110732525,0.28369492549270536
2022-09-13,0.009172047857867219,0.13790023650801475,3015,-0.26111241569784166,0.27945651141357614
2022-09-14,0.0005038311600897918,0.1367317171284508,3015,-0.2674903344116738,0.26849799673185337
2022-09-15,-0.004221387991498325,0.1365918554622178,3015,-0.27194142469744526,0.26349864871444856
2022-09-16,-0.011566916769257977,0.1361838870924361,3015,-0.2784873354704327,0.25535350193191675
2022-09-19,-0.013894922294797616,0.1363165850914637,3015,-0.2810754290740664,0.2532855844844712
2022-09-20,-0.01384626998725677,0.13633895010252395,3015,-0.28107061218820373,0.25337807221369013
2022-09-21,-0.006414239601296152,0.13275965400667275,3015,-0.26662316145437476,0.2537946822517824
2022-09-22,0.005307995882757037,0.13273652064521602,3015,-0.25485558458186636,0.26547157634738044
2022-09-23,-0.009153899674704686,0.13332758661116564,3015,-0.27047596943258934,0.25216817008317993
2022-09-26,-0.022895047822362808,0.13385440640531146,3015,-0.2852496843767732,0.23945958873204762
2022-09-27,-0.022367269661683634,0.134073769346463,3015,-0.2851518575807511,0.24041731825738388
2022-09-29,-0.026234519749477644,0.1334620546359108,3015,-0.2878201468358628,0.2353511073369075
2022-10-03,-0.04427936043631889,0.13432267741805273,3015,-0.30755180817570227,0.21899308730306447
2022-10-04,-0.05472067186257823,0.13431720170239542,3015,-0.31798238719927324,0.20854104347411678
2022-10-05,-0.0500161973837386,0.1342958234480917,3015,-0.31323601134199835,0.21320361657452117
2022-10-06,-0.03592858985277921,0.1346950825480893,3015,-0.2999309516470342,0.2280737719414758
2022-10-07,-0.03000499665638419,0.13547971329747358,3015,-0.2955452347194324,0.23553524140666404
2022-10-10,-0.029574568612928266,0.13539602635192272,3015,-0.29495078026269683,0.23580164303684029
2022-10-11,-0.03270297617609345,0.13533520272408972,3015,-0.29795997351530934,0.23255402116312243
2022-10-12,-0.03011541604516866,0.1355043002899455,3015,-0.29570384461346183,0.23547301252312453
2022-10-13,-0.033289711397516096,0.13544895964498055,3015,-0.29876967230167795,0.23219024950664577
2022-10-14,-0.048981673570266795,0.1364912114073672,3015,-0.31650444792870647,0.2185411007881729
2022-10-17,-0.05315499313913063,0.13687808988712402,3015,-0.3214360493178937,0.21512606303963244
2022-10-18,-0.05518544604662161,0.13698601613658878,3015,-0.3236780376743356,0.21330714558109237
2022-10-19,-0.05685806431972723,0.136684068669608,3015,-0.3247588389121589,0.21104271027270444
2022-10-20,-0.05935952877477412,0.13658682370063155,3015,-0.32706970322801193,0.20835064567846368
2022-10-21,-0.06329187918639004,0.13646986883592874,3015,-0.3307728221048104,0.2041890637320303
2022-10-24,-0.06518108109992493,0.13611652881248865,3015,-0.3319694775724027,0.20160731537255283
2022-10-25,-0.0653584794648373,0.1359017765889209,3015,-0.33172596157912226,0.20100900264944765
2022-10-26,-0.07374639756638351,0.13599452062356773,3015,-0.34029565798857625,0.19280286285580922
2022-10-27,-0.06930173750376392,0.13584218961036798,3015,-0.3355524291400852,0.19694895413255734
2022-10-28,-0.06910333150276739,0.135658207408193,3015,-0.3349934180228257,0.19678675501729093
2022-10-31,-0.0716888103515728,0.13558037197938205,3019,-0.3374263394311616,0.194048718728016
2022-11-01,-0.07025479775249965,0.13542795683274636,3019,-0.3356935931446825,0.1951839976396832
2022-11-02,-0.0601986248724007,0.13428522532693493,3019,-0.3233976665131931,0.20300041676839176
2022-11-03,-0.0806415799239122,0.13563399073499674,3019,-0.3464842017645058,0.1852010419166814
2022-11-04,-0.0733374564660339,0.13613322742652756,3019,-0.34015858222202794,0.19348366928996014
2022-11-07,-0.08113331155985071,0.13625660387436014,3019,-0.3481962551535966,0.18592963203389518
2022-11-08,-0.0697853350806297,0.1363627985764975,3019,-0.3370564202905648,0.1974857501293054
2022-11-09,-0.10619800664749363,0.14087416189143823,3019,-0.38231136395471255,0.1699153506597253
2022-11-10,-0.11287284824791805,0.14047245219638857,3019,-0.38819885455283965,0.16245315805700355
2022-11-11,-0.11398196363957673,0.14042982380703192,3019,-0.3892244183013593,0.1612604910222058
2022-11-14,-0.1322687309656096,0.14109365897888576,3019,-0.4088123025642257,0.1442748406330065
2022-11-15,-0.12927392851993588,0.1415095319064348,3019,-0.40663261105654813,0.14808475401667634
2022-11-16,-0.1308291430540277,0.1415195179997572,3019,-0.40820739833355185,0.14654911222549644
2022-11-17,-0.12027886564649523,0.14112964105477274,3019,-0.39689296211384983,0.15633523082085934
2022-11-18,-0.11992400606636304,0.14114662883548726,3019,-0.3965713985839181,0.156723386451192
2022-11-21,-0.11816359679008326,0.14115634354953874,3019,-0.39483003014717916,0.15850283656701264
2022-11-22,-0.11794660940185164,0.14119182852175774,3019,-0.3946825933044968,0.1587893745007935
2022-11-23,-0.11926377753083452,0.14146958232476953,3019,-0.39654415888738276,0.15801660382571375
2022-11-28,-0.1256535342252829,0.14126697728581894,3019,-0.402536809705488,0.15122974125492225
2022-11-29,-0.1257310817136262,0.14124841875453834,3019,-0.4025779824725213,0.1511158190452689
2022-11-30,-0.11721830155141967,0.1394343461233544,3019,-0.3905096199531943,0.15607301685035496
2022-12-01,-0.11742812429015928,0.1425801123450306,3019,-0.3968851444864192,0.16202889590610067
2022-12-02,-0.11124263869618103,0.14290467809523455,3019,-0.3913358077628407,0.16885053037047867
2022-12-05,-0.11268397150636368,0.1429526296182635,3019,-0.3928711255581601,0.16750318254543278
2022-12-06,-0.12037713671881056,0.1429512383215564,3021,-0.4005615638290611,0.15980729039143998
2022-12-07,-0.12452992405593172,0.14382431488292813,3021,-0.4064255812264708,0.1573657331146074
2022-12-08,-0.12474657705440567,0.1448288528368861,3021,-0.4086111286147024,0.15911797450589105
2022-12-09,-0.1250453188291426,0.14367234987357766,3021,-0.4066431245813548,0.1565524869230696
2022-12-12,-0.11436887664224937,0.14501648160480057,3021,-0.3986011805876585,0.16986342730315973
2022-12-13,-0.11204293539813642,0.14494705867759974,3021,-0.3961391704062319,0.17205329960995908
2022-12-14,-0.11900928615453014,0.14546972924061016,3021,-0.40412995546612607,0.16611138315706575
2022-12-15,-0.11572103936012533,0.14534076907921178,3021,-0.4005889467553804,0.16914686803512974
2022-12-16,-0.11479009722181804,0.14500019065254616,3021,-0.3989904709008085,0.16941027645717244
2022-12-19,-0.11648663953228638,0.1449810791876082,3021,-0.4006495547399984,0.16767627567542565
2022-12-20,-0.1288953407708172,0.1449025898645333,3021,-0.4129044169053025,0.15511373536366807
2022-12-21,-0.13001203487053906,0.14513811855631714,3021,-0.4144827472409206,0.15445867749984252
2022-12-22,-0.1393166801829621,0.1459940163449807,3021,-0.4254649522191243,0.14683159185320008
2022-12-23,-0.1387700906129362,0.1461607875683583,3021,-0.4252452342469184,0.14770505302104606
2022-12-27,-0.14996423559891703,0.14603398653676292,3021,-0.43619084921097234,0.13626237801313829
2022-12-28,-0.13641212447685735,0.14622053610256913,3021,-0.42300437523789286,0.15018012628417815
2022-12-29,-0.1384985337647508,0.1462026283125579,3021,-0.42505568525736426,0.14805861772786266
2022-12-30,-0.12950479967468118,0.1457311928847481,3021,-0.4151379377287874,0.15612833837942505
2023-01-03,-0.13285366403599722,0.14578942203004938,3021,-0.41860093121489395,0.15289360314289954
2023-01-04,-0.1374193300533822,0.14567168923055285,3021,-0.42293584094526576,0.14809718083850137
2023-01-05,-0.1363035322677706,0.14566214063814642,3021,-0.4218013279185376,0.1491942633829964
2023-01-06,-0.13959102523696632,0.1456871511572422,3021,-0.42513784150516104,0.1459557910312284
2023-01-09,-0.13795662223899655,0.14593271350541773,3021,-0.42398474070961534,0.14807149623162222
2023-01-10,-0.12133974094610006,0.14583250577897106,3021,-0.4071714522728833,0.1644919703806832
2023-01-11,-0.1191867322436229,0.1457794958055863,3021,-0.40491454402257204,0.1665410795353262
2023-01-12,-0.1225855287683885,0.14589878640244833,3021,-0.40854715011718723,0.1633760925804102
2023-01-13,-0.1244751674070559,0.14667342007382192,3021,-0.41195507075174687,0.1630047359376351
2023-01-17,-0.12129030312861604,0.147000998765363,3021,-0.4094122607087275,0.1668316544514954
2023-01-18,-0.11954224592883511,0.14681378002167425,3021,-0.4072972547713166,0.1682127629136464
2023-01-19,-0.12552201642895897,0.14784221716871698,3021,-0.4152927620796443,0.16424872922172631
2023-01-20,-0.12452381267652866,0.14780704937897365,3021,-0.414225629459317,0.16517800410625966
2023-01-23,-0.12631898743072548,0.1475794509935237,3021,-0.4155747113780319,0.162936736516581
2023-01-24,-0.1339988588051387,0.14836846054250732,3020,-0.4248010414684531,0.15680332385817566
2023-01-25,-0.13359865741480037,0.14835454288170644,3020,-0.42437356146294497,0.15717624663334423
2023-01-26,-0.1290775656117879,0.14849696848250454,3020,-0.4201316238374968,0.161976492613921
2023-01-27,-0.11121043603439992,0.1487996658673831,3020,-0.4028577811344708,0.18043690906567098
2023-01-30,-0.11750883609398063,0.15066493542908943,3020,-0.4128121095349959,0.17779443734703462
2023-01-31,-0.12775372056673873,0.15028873146005883,3020,-0.42231963422845403,0.16681219309497658
2023-02-01,-0.0714251386491217,0.15046887563789743,3020,-0.36634413489940065,0.22349385760115725
2023-02-02,-0.06806356605026921,0.14984689437345056,3021,-0.36176347902223227,0.22563634692169388
2023-02-03,-0.06553445206750706,0.1498341153553856,3021,-0.3592093181640629,0.22814041402904872
2023-02-06,-0.06495182367185023,0.15006998285848433,3021,-0.3590889900744795,0.22918534273077903
2023-02-07,-0.088931075713153,0.154062763384508,3021,-0.3908940919467887,0.2130319405204827
2023-02-08,-0.09942784341194594,0.15584645917344875,3021,-0.4048869033919055,0.2060312165680136
2023-02-09,-0.1175983686737439,0.15554856341872858,3021,-0.42247355297445194,0.18727681562696413
2023-02-10,-0.11630026409421676,0.15553562323732353,3021,-0.42115008563937084,0.18854955745093735
2023-02-13,-0.10805205854538988,0.1569767491815165,3021,-0.4157264869411622,0.19962236985038243
2023-02-14,-0.10374683086603517,0.15882723913608982,3021,-0.41504821957277116,0.20755455784070084
2023-02-15,-0.12244864897507739,0.16052395048596033,3021,-0.4370755919275596,0.19217829397740482
2023-02-16,-0.12544657297204959,0.15998757181511142,3021,-0.43902221372966793,0.18812906778556876
2023-02-17,-0.1255711321865529,0.15950365284721935,3021,-0.4381982917671028,0.18705602739399704
2023-02-21,-0.12528231887268962,0.1591899175007515,3021,-0.43729455717416255,0.18672991942878334
2023-02-22,-0.11558248632799732,0.15916628403213273,3021,-0.42754840303097746,0.1963834303749828
2023-02-23,-0.10683557617115894,0.1589334392233432,3021,-0.41834511704891153,0.2046739647065937
2023-02-24,-0.09810017622564896,0.1587676541217399,3021,-0.40928477830425913,0.21308442585296125
2023-02-27,-0.10239661623089732,0.15894063336314762,3021,-0.4139202576226667,0.20912702516087203
2023-02-28,-0.09880109088708919,0.1583164949013413,3021,-0.40910142089371815,0.21149923911953974
2023-03-01,-0.10159375036304158,0.15831328137414763,3021,-0.4118877818563709,0.20870028113028777
2023-03-02,-0.08579390206681965,0.15891261817531807,3021,-0.39726263369044307,0.2256748295568038
2023-03-03,-0.12817065340254133,0.15508770968537058,3021,-0.4321425643858676,0.175801257580785
2023-03-06,-0.1426388897660834,0.15862849835080683,3021,-0.4535507465336648,0.16827296700149796
2023-03-07,-0.1391888752765334,0.1588196924678126,3021,-0.4504754725134461,0.1720977219603793
2023-03-08,-0.13382237157750002,0.16014392654625462,3021,-0.4477044676081591,0.18005972445315901
2023-03-09,-0.13933641920107273,0.16023031377668367,3021,-0.4533878342033727,0.17471499580122726
2023-03-15,-0.13865861136879054,0.16032489118595022,3021,-0.45289539809325297,0.17557817535567188
2023-03-16,-0.14283289588851678,0.15959856181232118,3021,-0.4556460770406663,0.16998028526363274
2023-03-17,-0.14464127519769485,0.15955061015690403,3021,-0.4573604711052267,0.16807792070983704
2023-03-20,-0.14632871273963519,0.16121297898280565,3021,-0.46230615154593424,0.1696487260666639
2023-03-21,-0.11271093425119043,0.15828303560858378,3021,-0.42294568404401467,0.19752381554163378
2023-03-22,-0.16501300091824922,0.1531462565949628,3021,-0.4651796638443763,0.13515366200787787
2023-03-23,-0.16677238494727176,0.15289724452170045,3021,-0.46645098420980463,0.13290621431526112
2023-03-24,-0.17085059083804768,0.153796777637538,3019,-0.47229227500762216,0.13059109333152677
2023-03-27,-0.1628489330853493,0.15368712339483648,3013,-0.4640756949392288,0.13837782876853016
2023-03-28,-0.1625444564770628,0.15379587635744274,3006,-0.4639843741376506,0.13889546118352494
2023-03-29,-0.15706499748438507,0.15519012529646453,3001,-0.46123764306545556,0.14710764809668542
2023-03-30,-0.15571035154380342,0.15561821965131759,2996,-0.46072206206038585,0.14930135897277902
2023-03-31,-0.15713187007339305,0.15583018234416104,2996,-0.46255902746794864,0.14829528732116257
2023-04-03,-0.15791388599420236,0.1559544915137583,2996,-0.4635846893611686,0.14775691737276386
2023-04-04,-0.15850018580122718,0.15576799226841134,2996,-0.4638054506473134,0.14680507904485904
2023-04-05,-0.15470165286606788,0.15631985099332144,2996,-0.4610885608129779,0.1516852550808421
2023-04-06,-0.1555176447356427,0.15649536580937423,2996,-0.4622485617220162,0.1512132722507308
2023-04-10,-0.1635092767011488,0.15748808414451637,2996,-0.4721859216244009,0.1451673682221033
2023-04-11,-0.17455147470357119,0.1571383538527222,2996,-0.4825426482549067,0.13343969884776435
2023-04-12,-0.17622266162592892,0.15725450677919087,2996,-0.48444149491314303,0.1319961716612852
2023-04-13,-0.17521940681903989,0.15728831414146255,2997,-0.4835045025363065,0.1330656888982267
2023-04-14,-0.17167599090326024,0.1605470756511251,2997,-0.48634825917946545,0.14299627737294496
2023-04-17,-0.1730359215882364,0.1614426003304165,2997,-0.4894634182358527,0.1433915750593799
2023-04-18,-0.17332579958673308,0.16147325384966743,2997,-0.4898133771320813,0.1431617779586151
2023-04-19,-0.1553039828712074,0.16184815234529035,2997,-0.47252636146797644,0.16191839572556166
2023-04-20,-0.14917715635634746,0.1611728599313653,2997,-0.4650759618218234,0.16672164910912848
2023-04-21,-0.15082813939877696,0.16132930616340652,2997,-0.4670335794790538,0.16537730068149983
2023-04-24,-0.16449277986967684,0.16129966187976727,2997,-0.48064011715402066,0.15165455741466702
2023-04-25,-0.16319331109303245,0.16137353283148992,2997,-0.4794854354427527,0.1530988132566878
2023-04-26,-0.16241002728169016,0.16145422350416821,2997,-0.4788603053498599,0.15404025078647957
2023-04-27,-0.16053521424329306,0.16141378466532336,2997,-0.47690623218732686,0.1558358037007407
2023-04-28,-0.1597932190075917,0.16172514194902674,2997,-0.4767744972276841,0.15718805921250073
2023-05-01,-0.15920692113857657,0.16167928442385474,2997,-0.4760983186093318,0.15768447633217872
2023-05-02,-0.15908296910419656,0.16153673330558743,2997,-0.4756949663831479,0.15752902817475478
2023-05-03,-0.14825017148940386,0.1610704038779523,2997,-0.4639481630901904,0.16744782011138262
2023-05-04,-0.14989387721531797,0.16118608871190382,2997,-0.4658186110906495,0.16603085666001352
2023-05-05,-0.160526796425564,0.16184374066240634,2997,-0.4777405281238804,0.1566869352727524
2023-05-08,-0.15580568632390707,0.16242067279971947,2997,-0.47415020501135724,0.1625388323635431
2023-05-09,-0.15541989351687804,0.1634048011574401,2997,-0.4756933037854606,0.16485351675170454
2023-05-10,-0.17775450590433242,0.1623486341834019,2997,-0.49595782890380014,0.14044881709513526
2023-05-11,-0.18268929790734056,0.16197729770290759,2997,-0.5001648014050395,0.1347862055903583
2023-05-12,-0.1812108916743113,0.16375508384011878,2997,-0.5021708560009441,0.13974907265232153
2023-05-15,-0.18281429882866018,0.16673067293432617,2997,-0.5096064177799395,0.14397782012261912
2023-05-16,-0.18797953171110143,0.16625299352951287,2997,-0.5138353990289466,0.13787633560674378
2023-05-17,-0.17345843071233252,0.166864713733014,2997,-0.50051326962904,0.15359640820437492
2023-05-18,-0.1694406790929812,0.17044666506693895,2997,-0.5035161426241815,0.16463478443821913
2023-05-19,-0.137535480659991,0.16924636189493567,2997,-0.4692583499740649,0.19418738865408292
2023-05-22,-0.11982034612416827,0.16908709730303578,2997,-0.45123105683811837,0.21159036458978187
2023-05-23,-0.12540968737360367,0.16964327401456158,2997,-0.4579105044421443,0.207091129694937
2023-05-24,-0.1424263824646607,0.1699312735026493,2997,-0.4754916785298533,0.19063891360053195
2023-05-25,-0.196986195556196,0.16492576781850268,2997,-0.5202407004804612,0.12626830936806926
2023-05-26,-0.2086513404530675,0.16517067065523391,2997,-0.5323858549373259,0.11508317403119095
2023-05-30,-0.19378837328928616,0.16501200452156972,2997,-0.5172119021515629,0.1296351555729905
2023-05-31,-0.1915174495772761,0.1622555446011489,2997,-0.509538316995528,0.12650341784097577
2023-06-01,-0.18718533290406184,0.16267601721370334,2997,-0.5060303266429204,0.13165966083479672
2023-06-02,-0.1842973996103487,0.1627504735953439,2997,-0.5032883278572227,0.13469352863652534
2023-06-05,-0.19702439201566205,0.16951805217244845,2997,-0.529279774273661,0.1352309902423369
2023-06-06,-0.1675539996746095,0.168587357351048,2997,-0.49798522008266355,0.16287722073344457
2023-06-07,-0.162720391849411,0.1686918435338869,2997,-0.4933564051758293,0.16791562147700728
2023-06-08,-0.1567409754308966,0.16967199597311183,2997,-0.4892980875381958,0.1758161366764026
2023-06-09,-0.16343985197159336,0.16947884792787649,2997,-0.4956183939102312,0.16873868996704453
2023-06-12,-0.15947805450857827,0.16967310483825873,2997,-0.4920373399915654,0.17308123097440886
2023-06-13,-0.14942248038778932,0.17103439563417835,2997,-0.4846498958307789,0.18580493505520024
2023-06-14,-0.16117096230073677,0.17304105514825932,2997,-0.500331430391325,0.17798950578985148
2023-06-15,-0.1482126889049421,0.1727297642094043,2997,-0.48676302675537453,0.19033764894549032
2023-06-16,-0.14643272835519525,0.172578701065846,2997,-0.48468698244425334,0.19182152573386288
2023-06-20,-0.13909065698013476,0.1726498379337734,2997,-0.47748433933033063,0.1993030253700611
2023-06-21,-0.12369452671100295,0.17242002754379496,2997,-0.4616377806968411,0.21424872727483518
2023-06-22,-0.13450574891786646,0.17208128910039405,2997,-0.4717850755546388,0.2027735777189059
2023-06-23,-0.16645189780491895,0.17159166405932674,2997,-0.5027715593611993,0.16986776375136145
2023-06-26,-0.2481589147470042,0.1536185411885844,2997,-0.5492512554766296,0.05293342598262124
2023-06-27,-0.2462562977502178,0.1536268921218521,2997,-0.5473650063090478,0.054852410808612306
2023-06-28,-0.25514721832145604,0.1535293597233689,2997,-0.556064763379259,0.04577032673634701
2023-06-29,-0.30594573258991004,0.1447155773392185,2997,-0.5895882641747783,-0.022303201005041795
2023-06-30,-0.3113120056974602,0.1445431350591076,2997,-0.5946165504133111,-0.028007460981609333
2023-07-05,-0.2882623013899695,0.14495685893775612,2997,-0.5723777449079714,-0.004146857871967502
2023-07-06,-0.30436516454223184,0.14459832497278657,2997,-0.5877778814888935,-0.020952447595570134
2023-07-07,-0.29801233690212997,0.14406356954955435,2997,-0.5803769332192565,-0.015647740585003456
2023-07-10,-0.30404480564268954,0.1439738655505248,2997,-0.5862335821217182,-0.021856029163660917
2023-07-11,-0.3097483344778294,0.1454472900005244,2997,-0.5948250228788572,-0.024671646076801612
2023-07-12,-0.30385169817736984,0.14563581221514915,2997,-0.5892978901190622,-0.018405506235677493
2023-07-13,-0.30207150370435515,0.14641388346761378,2997,-0.5890427153008782,-0.015100292107832147
2023-07-14,-0.30866578849963483,0.14624998758144173,2997,-0.5953157641592606,-0.02201581284000903
2023-07-17,-0.3106074033796094,0.14620227826588988,2997,-0.5971638687807536,-0.024050937978465248
2023-07-18,-0.2981511767974999,0.14590561565515153,2997,-0.584126183481597,-0.01217617011340294
2023-07-19,-0.28801505612039363,0.1462883586080265,2997,-0.5747402389921256,-0.0012898732486616993
2023-07-20,-0.2760186067458058,0.14768444837751535,2997,-0.5654801255657359,0.013442912074124291
2023-07-21,-0.2699310401810448,0.14742997121106127,2997,-0.5588937837547249,0.01903170339263527
2023-07-24,-0.2676628146528817,0.14745189737172568,2997,-0.5566685335014641,0.021342904195700618
2023-07-25,-0.2719702940492016,0.1470368415660713,2997,-0.5601625035187013,0.01622191542029816
2023-07-26,-0.2528537577563356,0.14706825111961688,2997,-0.5411075299507847,0.03540001443811347
2023-07-27,-0.2688904347151095,0.14628271837461124,2997,-0.5556045627293476,0.01782369329912853
2023-07-28,-0.26428769438041416,0.14653558573156605,2997,-0.5514974424142836,0.022922053653455288
2023-07-31,-0.27442051141140655,0.14648602575412856,2997,-0.5615331218894986,0.012692099066685392
2023-08-01,-0.2731072783231547,0.14652643808153984,2997,-0.5602990969629728,0.014084540316663396
2023-08-02,-0.2765730319174645,0.14639340309581902,2997,-0.5635041019852698,0.010358038150340754
2023-08-03,-0.27573851562359564,0.14667747698678785,2997,-0.5632263705176999,0.01174933927050853
2023-08-04,-0.2709995621152616,0.14691833497076442,2997,-0.5589594986579598,0.016960374427436642
2023-08-07,-0.2776228607460359,0.14658343005720814,2997,-0.5649263836581639,0.009680662166092036
2023-08-08,-0.2677665177687391,0.1479923606654067,2997,-0.5578315446729363,0.022298509135458
2023-08-09,-0.2830863999782165,0.14633543650740521,2997,-0.5699038555327307,0.003731055576297715
2023-08-10,-0.2880329970187752,0.1472347196053995,2997,-0.5766130474453582,0.0005470534078078071
2023-08-11,-0.289086205418101,0.14753472846725202,2997,-0.5782542732139149,8.186237771296012e-05
2023-08-14,-0.2939191965437719,0.14734189350083973,2997,-0.5827093078054177,-0.0051290852821260224
2023-08-15,-0.29584679249514334,0.1470864090666548,2997,-0.5841361542657868,-0.007557430724499936
2023-08-16,-0.2932063019737378,0.1474135947746155,2997,-0.5821369477319842,-0.0042756562154914746
2023-08-17,-0.28725373806836885,0.1479322750777228,2997,-0.5772009972207055,0.0026935210839678647
2023-08-18,-0.28953332342008814,0.14808024876665318,2997,-0.5797706110027283,0.0007039641625520843
2023-08-21,-0.2853895735380296,0.1484304978809005,2997,-0.5763133493845946,0.0055342023085354075
2023-08-22,-0.2794202135677863,0.14874585347208236,2997,-0.5709620863730678,0.012121659237495142
2023-08-23,-0.27484396538160694,0.14874600685254677,2997,-0.5663861388125986,0.01669820804938471
2023-08-24,-0.2783278612426928,0.14793029709780908,2997,-0.5682712435543986,0.01161552106901298
2023-08-25,-0.28229730287849697,0.1476063584383135,2997,-0.5716057654175914,0.007011159660597455
2023-08-28,-0.2776581744140576,0.14754122803623154,2997,-0.5668389813650714,0.011522632536956234
2023-08-29,-0.27808433212297073,0.14756855873991742,2997,-0.5673187072532089,0.011150043007267407
2023-08-30,-0.2772503584674968,0.14743532072647478,2997,-0.5662235870913874,0.011722870156393783
2023-08-31,-0.2830942173678193,0.1470988180887012,2997,-0.5714079008216737,0.005219466086035018
2023-09-01,-0.2893126721215421,0.14696108686192813,2997,-0.5773564023709212,-0.0012689418721629764
2023-09-05,-0.29267857157399796,0.14664714523876074,2997,-0.580106976241969,-0.005250166906026921
2023-09-06,-0.3031532831426518,0.146649521656839,2997,-0.5905863455900562,-0.01572022069524731
2023-09-07,-0.30480044994315963,0.14676796613067236,2997,-0.5924656635592774,-0.017135236327041836
2023-09-08,-0.3025633391215468,0.1478091326302879,2997,-0.5922692390769111,-0.012857439166182538
2023-09-11,-0.3134987577846205,0.14797937723952875,2997,-0.6035383371740968,-0.023459178395144165
2023-09-12,-0.30973629782801243,0.14892495148801174,2997,-0.6016292027445154,-0.017843392911509437
2023-09-13,-0.3060192165224683,0.14896677181455395,2997,-0.597994089278994,-0.014044343765942546
2023-09-14,-0.3181034295805377,0.14891861114166427,2997,-0.6099839074181996,-0.026222951742875755
2023-09-15,-0.34624874565095337,0.1478747690865282,2997,-0.6360832930605487,-0.05641419824135813
2023-09-18,-0.34594100950874535,0.14787452518637012,2997,-0.6357750788740308,-0.056106940143459905
2023-09-19,-0.34590288728825747,0.1480006519037697,2997,-0.635984165019646,-0.05582160955686882
2023-09-20,-0.32401164480310285,0.1488714318272901,2997,-0.6157996511845915,-0.03222363842161424
2023-09-21,-0.3352919492442214,0.14860772651605278,2998,-0.6265630932156848,-0.04402080527275798
2023-09-22,-0.3082609128750576,0.14678785505939496,2998,-0.5959651087914717,-0.020556716958643473
2023-09-25,-0.31231408977639824,0.14724996896386952,2998,-0.6009240289455825,-0.02370415060721398
2023-09-26,-0.30026451045301167,0.14929464316307728,2998,-0.5928820110526432,-0.007647009853380182
2023-09-27,-0.287790945696278,0.14958282403039266,2998,-0.5809732807958476,0.005391389403291591
2023-09-28,-0.2851016172720551,0.1498146460640047,2998,-0.5787383235575043,0.008535089013394115
2023-09-29,-0.2831559093666625,0.149756066810719,2998,-0.5766778003156718,0.01036598158234675
2023-10-02,-0.2891158123673513,0.148916646097581,2998,-0.5809924387186101,0.002760813983907484
2023-10-03,-0.31735993229381587,0.15210786182914643,2998,-0.6154913414789429,-0.01922852310868889
2023-10-04,-0.3408314361854512,0.15111634622190037,2998,-0.6370194747803759,-0.04464339759052649
2023-10-05,-0.33104129165097845,0.15223443888174942,2998,-0.6294207918592073,-0.03266179144274961
2023-10-06,-0.306269654239891,0.15304497796158661,2998,-0.6062378110446007,-0.006301497435181214
2023-10-09,-0.30166567169994796,0.15309892187254873,2998,-0.6017395585701435,-0.001591784829752474
2023-10-10,-0.2968067097778795,0.1542100111988215,2998,-0.5990583317275696,0.005444912171810645
2023-10-11,-0.26143498645559665,0.15364345183700917,2998,-0.5625761520561346,0.039706179144941345
2023-10-12,-0.24878893921684042,0.15399360383221133,2998,-0.5506164027279746,0.05303852429429379
2023-10-13,-0.25326514488094404,0.1540532158610129,2998,-0.5552094479685292,0.048679158206641204
2023-10-16,-0.2677140891741201,0.15257314044111298,2998,-0.5667574444387016,0.03132926609046133
2023-10-17,-0.2729494904071412,0.1526737782842966,2998,-0.5721900958443625,0.02629111503008008
2023-10-18,-0.2748896810670446,0.152702118235041,2998,-0.574185832807725,0.02440647067363577
2023-10-19,-0.27795395473497403,0.1530097093583789,2998,-0.5778529850773967,0.021945075607448628
2023-10-20,-0.28830787270990593,0.15163006589469483,2998,-0.5855028018635078,0.008887056443695918
2023-10-23,-0.2918710039579308,0.1513465864511007,2998,-0.5885103134020881,0.004768305486226532
2023-10-24,-0.262500414144002,0.1505737258767242,2998,-0.5576249168623815,0.032624088574377486
2023-10-25,-0.2521626166337677,0.15120170410124592,2998,-0.5485179566722097,0.04419272340467428
2023-10-26,-0.26783340375469133,0.15034394803840967,2998,-0.5625075419099743,0.026840734400591593
2023-10-27,-0.26273796584574277,0.15106878882790492,2998,-0.5588327919484364,0.03335686025695089
2023-10-30,-0.2607100449277853,0.15087832063652032,2998,-0.5564315533753652,0.035011463519794506
2023-10-31,-0.25670640239528575,0.15100413398981952,2998,-0.552674505015332,0.0392617002247605
2023-11-01,-0.24524223195591172,0.1521743647154373,2998,-0.5435039867981688,0.05301952288634537
2023-11-02,-0.24562500984991653,0.151847843823369,2997,-0.5432467837437198,0.0519967640438867
2023-11-03,-0.2307045289255902,0.1517840365179,2997,-0.5282012405006742,0.0667921826494938
2023-11-06,-0.2376445707968645,0.15153963908667686,2997,-0.5346622634067512,0.05937312181302215
2023-11-07,-0.23780296024898404,0.15168677675950348,2997,-0.5351090426976108,0.059503122199642794
2023-11-08,-0.2342022972239282,0.15209581512943146,2997,-0.5323100948776138,0.06390550042975746
2023-11-09,-0.23294330907007862,0.15213427167345314,2997,-0.5311264815500468,0.06523986340988955
2023-11-10,-0.2575214853052649,0.15216793295236944,2997,-0.5557706338919091,0.04072766328137917
2023-11-13,-0.22965734376941255,0.15052473458215906,2997,-0.5246858235504444,0.0653711360116192
2023-11-14,-0.24320758247549773,0.15045896436988646,2997,-0.5381071526404752,0.05169198768947969
2023-11-15,-0.23867489042940848,0.15109790945791593,2997,-0.5348267929669237,0.05747701210810674
2023-11-16,-0.24860440450658255,0.15051844109079562,2997,-0.543620549044542,0.04641174003137688
2023-11-17,-0.1794946416000553,0.13838752848740773,2997,-0.45073419743537446,0.09174491423526387
2023-11-20,-0.1729768265960862,0.14014489364485017,2997,-0.44766081813999253,0.10170716494782012
2023-11-21,-0.1708637822077972,0.14038615952292338,2997,-0.446020654872727,0.10429309045713264
2023-11-22,-0.13330081824613726,0.1394904781667199,2997,-0.4067021554529082,0.1401005189606337
2023-11-27,-0.1371993325610518,0.13900002645419177,2997,-0.4096393844112677,0.13524071928916406
2023-11-28,-0.12558115232202086,0.13915926519151994,2997,-0.39833331209739997,0.14717100745335823
2023-11-29,-0.14064700453883194,0.1390725749959469,2997,-0.4132292515308879,0.13193524245322402
2023-11-30,-0.1461218378970393,0.13699308835459262,2997,-0.41462829107204086,0.12238461527796224
2023-12-01,-0.14558393640334322,0.13727467025715634,2997,-0.41464229010736964,0.1234744173006832
2023-12-04,-0.14850090559844797,0.13708797101938985,2997,-0.4171933287964521,0.12019151759955615
2023-12-05,-0.14872384945751682,0.1368649027462091,2997,-0.4169790588400867,0.11953135992505304
2023-12-06,-0.15091685938302193,0.13696594212161184,2997,-0.41937010594138113,0.11753638717533729
2023-12-07,-0.15141147975896546,0.13704548693075777,2997,-0.4200206341432507,0.11719767462531977
2023-12-08,-0.16658394907349153,0.13990506602018568,2997,-0.4407978784730554,0.10762998032607238
2023-12-11,-0.17178013212121998,0.13941500439039395,2997,-0.4450335407263921,0.10147327648395213
2023-12-12,-0.17066281805706945,0.13932467750035576,2997,-0.44373918595776674,0.10241354984362783
2023-12-13,-0.16128748696327536,0.13991875488594685,2997,-0.4355282465397312,0.11295327261318047
2023-12-14,-0.15279630327255023,0.14114030527529858,2997,-0.42943130161213544,0.12383869506703499
2023-12-15,-0.15227103457539032,0.14123969069981543,2997,-0.42910082834702856,0.12455875919624793
2023-12-18,-0.15359386295068514,0.14084705098271938,2997,-0.42965408287681517,0.12246635697544486
2023-12-19,-0.15664678728586306,0.1423518505462459,2997,-0.43565641435650504,0.12236283978477891
2023-12-20,-0.19133452567698572,0.137790010605034,2997,-0.4614029464628524,0.07873389510888096
2023-12-21,-0.18907175266771573,0.13783885811242846,2997,-0.45923591456807555,0.08109240923264407
2023-12-22,-0.17433671959970226,0.1381937572669306,2997,-0.44519648384288624,0.09652304464348171
2023-12-26,-0.18382850923468333,0.13773595689385607,2997,-0.45379098474664126,0.08613396627727457
2023-12-27,-0.1798219500870869,0.13873877838047044,2997,-0.45174995571280896,0.09210605553863516
2023-12-28,-0.17788216767352888,0.13929318957315717,2997,-0.45089681923691693,0.09513248388985918
2023-12-29,-0.16822750675968376,0.141012451409291,2997,-0.44461191152189417,0.10815689800252662
2024-01-02,-0.17678220990796634,0.1398823193189744,2997,-0.45095155577315615,0.09738713595722348
2024-01-03,-0.1702602262492743,0.14042687618967162,2997,-0.44549690358103067,0.10497645108248208
2024-01-04,-0.17773352039929757,0.13950295524736037,2997,-0.4511593126841239,0.09569227188552876
2024-01-05,-0.1730044507689187,0.14094321346684816,2997,-0.4492531491639411,0.10324424762610365
2024-01-08,-0.20197336202631214,0.13676317913586034,2997,-0.4700291931325984,0.06608246907997414
2024-01-09,-0.20747629535998868,0.1363266190937207,2997,-0.47467646878368125,0.059723878063703884
2024-01-10,-0.22852560940015462,0.1355307226474655,2997,-0.494165825789187,0.037114606988877724
2024-01-11,-0.21688129043651583,0.13669071922856263,2997,-0.48479510012449856,0.0510325192514669
2024-01-12,-0.2060317751473301,0.13770241851104648,2997,-0.4759285154289812,0.06386496513432102
2024-01-16,-0.21219473444861808,0.13728744911426288,2997,-0.4812781347125733,0.056888665815337136
2024-01-17,-0.19246938510899453,0.13844368396017895,2997,-0.46381900567094525,0.0788802354529562
2024-01-18,-0.196094482041834,0.13849131498385306,2997,-0.467537459410186,0.075348495326518
2024-01-19,-0.20811969955233006,0.13776160751171287,2997,-0.4781324502752873,0.061893051170627156
2024-01-22,-0.21193075137632186,0.13768371928092354,2997,-0.48179084116693205,0.057929338414288295
2024-01-23,-0.20174452831359166,0.13829058368299535,2997,-0.47279407233226256,0.06930501570507921
2024-01-24,-0.20839492306941587,0.13780385049826352,2997,-0.47849047004601236,0.06170062390718062
2024-01-25,-0.21209685785928845,0.1371725670521703,2997,-0.48095508928154224,0.056761373562965345
2024-01-26,-0.22250913855479698,0.13634400066226915,2997,-0.4897433798528445,0.04472510274325053
2024-01-29,-0.21492261794114167,0.1380187307880282,2997,-0.485439330285677,0.05559409440339361
2024-01-30,-0.20681013427913691,0.13943552788000674,2997,-0.4801037689239501,0.0664835003656763
2024-01-31,-0.2126525964045548,0.13800976384056027,2997,-0.48315173353205293,0.05784654072294332
2024-02-01,-0.2310619697252865,0.13731132952595693,2998,-0.500192175596162,0.038068236145589046
2024-02-02,-0.21177707470173157,0.1379594747513692,2998,-0.4821776452144152,0.05862349581095205
2024-02-05,-0.21611643168282743,0.13721292450945968,2998,-0.48505376372136844,0.052820900355713546
2024-02-06,-0.2367789870349132,0.13475761387728905,2998,-0.5009039102343997,0.027345936164573342
2024-02-07,-0.24023748303220557,0.13463726183280136,2998,-0.5041265162244962,0.023651550160085105
2024-02-08,-0.23931900952099056,0.1364521492082502,2998,-0.506765221969161,0.028127202927179795
2024-02-09,-0.26091891778230347,0.1336638189570958,2998,-0.5229000029382113,0.001062167373604317
2024-02-12,-0.20398526865639183,0.13265466691355499,2998,-0.4639884158069596,0.05601787849417594
2024-02-13,-0.18849350337834966,0.1333120525416371,2998,-0.4497851263599584,0.07279811960325908
2024-02-14,-0.18987384177551442,0.13305141381798768,2998,-0.4506546128587703,0.07090692930774145
2024-02-15,-0.17904210320570194,0.13338767464515516,2998,-0.44048194551020603,0.08239773909880219
2024-02-16,-0.1762260189418831,0.13359442421265516,2998,-0.43807109039868725,0.08561905251492102
2024-02-20,-0.17319634311120202,0.1337953203385934,2998,-0.4354351709748451,0.08904248475244103
2024-02-21,-0.12564416783257165,0.1456358072939248,2998,-0.4110903501286643,0.159802014463521
2024-02-22,-0.11860646455607246,0.14613642660131018,2998,-0.4050338606946404,0.16782093158249548
2024-02-23,-0.12025319359475821,0.14610125671525612,2998,-0.4066116567566602,0.16610526956714378
2024-02-26,-0.09337461630864291,0.1464085816781546,2998,-0.3803354363978259,0.1935862037805401
2024-02-27,-0.10172234613149445,0.1461812009768963,2998,-0.38823750004621116,0.18479280778322227
2024-02-28,-0.09219085986018011,0.14718501451267518,2998,-0.38067348830502346,0.19629176858466324
2024-02-29,-0.0958373012911665,0.14672927084780793,2997,-0.3834266721528701,0.19175206957053706
2024-03-01,-0.1082070811078936,0.14558241054449544,2997,-0.39354860577510464,0.17713444355931748
2024-03-04,-0.11462456143926271,0.1430097469182264,2997,-0.39492366539898643,0.16567454252046104
2024-03-05,-0.1043765523801082,0.1435701975411736,2997,-0.3857741395608084,0.17702103480059203
2024-03-06,-0.09772076566395513,0.14407258220600697,2997,-0.3801030267877288,0.1846614954598185
2024-03-07,-0.09845137616559968,0.1450015937524533,2997,-0.3826544999204082,0.18575174758920882
2024-03-08,-0.09468803584353877,0.14493954166388523,2997,-0.37876953750475384,0.18939346581767627
2024-03-11,-0.10022332221383817,0.14442019167655828,2997,-0.3832868978998924,0.18284025347221605
2024-03-12,-0.09946687813077795,0.14335639437409065,2997,-0.38044541110399566,0.18151165484243972
2024-03-13,-0.09739011203512171,0.1436030122368513,2997,-0.37885201601935026,0.18407179194910683
2024-03-14,-0.11027577667230684,0.14196853587084518,2997,-0.38853410697916335,0.1679825536345497
2024-03-15,-0.11641495422980885,0.14247132876283086,2997,-0.39565875860495736,0.16282885014533965
2024-03-18,-0.11188882118484844,0.14268097481153488,2997,-0.3915435318154568,0.16776588944575993
2024-03-19,-0.10614334896224353,0.14269750953280258,2997,-0.3858304676465366,0.17354376972204955
2024-03-20,-0.09944982669381155,0.1443379850266584,2997,-0.38235227734606203,0.1834526239584389
2024-03-21,-0.09314560529981974,0.14598969885008614,2997,-0.37928541504598856,0.19299420444634907
2024-03-22,-0.099409197671084,0.14565915205129878,2997,-0.38490113569162965,0.18608274034946162
2024-03-25,-0.09501390826595789,0.14601234671399427,2997,-0.38119810782538666,0.19117029129347085
2024-03-26,-0.0016929567977668827,0.13611037316904273,2997,-0.2684692882090906,0.26508337461355685
2024-03-27,0.005623854106488885,0.13590272955890054,2997,-0.2607454958289561,0.27199320404193394
2024-03-28,0.006470904985961867,0.13555224015985323,2999,-0.2592114857273505,0.2721532956992742
2024-04-01,-0.013007558690465201,0.13721660715410025,3005,-0.2819521087125017,0.2559369913315713
2024-04-02,-0.02284097976264897,0.1371993949094274,3012,-0.29175179378512667,0.2460698342598287
2024-04-03,-0.018361446463433143,0.13694189223805397,3017,-0.2867675552500189,0.25004466232315264
2024-04-04,-0.028502832197017033,0.13626647484729748,3022,-0.2955851228977201,0.238579458503686
2024-04-05,-0.021613872765896117,0.13615091334815618,3022,-0.2884696629282822,0.24524191739648998
2024-04-08,-0.025185878461497835,0.13618162405108988,3022,-0.292101861601634,0.2417301046786383
2024-04-09,-0.029540951984783723,0.13697021281149266,3022,-0.29800256909530937,0.2389206651257419
2024-04-10,-0.022016642096603936,0.13719015064233653,3022,-0.2909093373555835,0.24687605316237565
2024-04-11,-0.016523711485294336,0.13701315484429397,3022,-0.2850694949801105,0.2520220720095218
2024-04-12,-0.009824794818835393,0.13677446774964971,3022,-0.27790275160814887,0.25825316197047804
2024-04-15,0.00699277974841906,0.13713995170807539,3022,-0.2618015255994087,0.27578708509624683
2024-04-16,2.862438790384586e-05,0.13638694899600048,3022,-0.2672897956442571,0.2673470444200648
2024-04-17,0.002651138600946741,0.13661374419128638,3022,-0.26511180001397455,0.270414077215868
2024-04-18,0.0063083878868476495,0.13660626179069832,3022,-0.26143988522292105,0.2740566609966163
2024-04-19,-0.0016597723275972934,0.13608363187216665,3022,-0.26838369079704394,0.26506414614184937
2024-04-22,-0.0024975327890944116,0.13581330255795096,3022,-0.2686916058026783,0.26369654022448946
2024-04-23,-0.054583720860240034,0.13229536824520072,3022,-0.31388264262083343,0.20471520090035333
2024-04-24,-0.05148269370005202,0.13431166738089692,3022,-0.31473356176661,0.21176817436650594
2024-04-25,-0.05766915597184661,0.13435056110850901,3022,-0.3209962557445243,0.20565794380083105
2024-04-26,-0.04395924280458764,0.13409447372284697,3022,-0.3067844113013677,0.21886592569219243
2024-04-29,-0.041491609153290324,0.13331469916787672,3022,-0.30278841952232866,0.21980520121574804
2024-04-30,-0.0610891284980294,0.13073357233131014,3022,-0.3173269302673973,0.1951486732713385
2024-05-01,-0.11028208849047762,0.12403500156219259,3022,-0.35339069155237507,0.13282651457141986
2024-05-02,-0.11510431028339085,0.12418678054108581,3022,-0.35851040014391905,0.12830177957713734
2024-05-03,-0.11320522335600802,0.12400836321824604,3022,-0.35626161526377026,0.12985116855175421
2024-05-06,-0.11749895171323416,0.12331650389208462,3022,-0.35919929934172,0.1242013959152517
2024-05-07,-0.11856934629833427,0.12365185240207606,3022,-0.3609269770064033,0.1237882844097348
2024-05-08,-0.11632251494155121,0.12394751718597517,3022,-0.3592596486260625,0.12661461874296012
2024-05-09,-0.11591769437354363,0.12394664852624493,3022,-0.3588531254849837,0.12701773673789643
2024-05-10,-0.1157591305557681,0.12387859057414301,3022,-0.3585611680810884,0.12704290696955217
2024-05-13,-0.11480412418460151,0.12418440545325421,3022,-0.3582055588729798,0.12859731050377674
2024-05-14,-0.1105434097862642,0.12435332340380154,3022,-0.3542759236577152,0.1331891040851868
2024-05-15,-0.12074500827558562,0.12434002998467891,3022,-0.3644514670455563,0.12296145049438503
2024-05-16,-0.1232032601542507,0.12433348656858655,3022,-0.3668968938286803,0.12049037352017891
2024-05-17,-0.12411799409890313,0.12428357835676762,3022,-0.36771380767816764,0.11947781948036139
2024-05-20,-0.11382285594893123,0.12518566153861133,3022,-0.3591867525646094,0.131541040666747
2024-05-21,-0.12015183095624794,0.12469181258260854,3022,-0.3645477836181607,0.1242441217056648
2024-05-22,-0.10137186976797738,0.12716304472408224,3022,-0.3506114374271786,0.1478676978912238
2024-05-23,-0.09972128946888927,0.12668321016315381,3022,-0.34802038138867075,0.1485778024508922
2024-05-24,-0.09441681676782751,0.12664134660141907,3022,-0.3426338561066089,0.15380022257095385
2024-05-28,-0.10662670150888336,0.12619950469003607,3022,-0.3539777307013541,0.14072432768358734
2024-05-29,-0.10378701815935114,0.12624396720667166,3022,-0.3512251938844276,0.14365115756572533
2024-05-30,-0.11119772621884685,0.12605613025096865,3022,-0.3582677415107454,0.1358722890730517
2024-05-31,-0.08162904567409282,0.12325107982741867,3022,-0.3232011621358334,0.15994307078764777
2024-06-03,-0.0829701390761419,0.12273280552494722,3022,-0.32352643790503843,0.15758615975275467
2024-06-04,-0.07132835426047203,0.12614149930582103,3022,-0.31856569289988124,0.17590898437893715
2024-06-05,-0.06847564908071424,0.12630858577395543,3022,-0.31604047719766687,0.1790891790362384
2024-06-06,-0.06767552661940365,0.12610893371121043,3022,-0.3148490366933761,0.1794979834545688
2024-06-07,-0.06826984615113257,0.1257562565176659,3022,-0.3147521089257577,0.17821241662349258
2024-06-10,-0.07398014273583386,0.1254117322472079,3022,-0.3197871379403613,0.17182685246869359
2024-06-11,-0.06668522705853003,0.1255037590221362,3022,-0.312672594741917,0.17930214062485691
2024-06-12,-0.0803568505962726,0.12313689733382646,3022,-0.3217051693705725,0.16099146817802726
2024-06-13,-0.07962787080822029,0.12319325412245893,3022,-0.3210866488882398,0.16183090727179922
2024-06-14,-0.08622973841624351,0.12313413663672504,3022,-0.32757264622422455,0.15511316939173755
2024-06-17,-0.08326601290537507,0.1224858719253062,3022,-0.3233383218789752,0.1568062960682251
2024-06-18,-0.07572800559670986,0.12324441894371574,3022,-0.31728706672639273,0.16583105553297298
2024-06-20,-0.06366768760935404,0.12399880532247866,3022,-0.3067053460414122,0.17936997082270412
2024-06-21,-0.065889796096779,0.12280914726236708,3022,-0.3065957247310185,0.17481613253746048
2024-06-24,-0.0834107932046354,0.12166187311437267,3022,-0.32186806450880584,0.15504647809953503
2024-06-25,-0.1072217981131739,0.11976248135358511,3022,-0.34195626156620074,0.12751266533985292
2024-06-26,-0.09858764486508798,0.11871265950289614,3022,-0.3312644574907644,0.13408916776058846
2024-06-27,-0.09322778722894327,0.11921540472994406,3022,-0.32688998049963364,0.14043440604174706
2024-06-28,-0.08666576892616068,0.11806177886602971,3022,-0.31806685550357894,0.14473531765125755
2024-07-01,-0.0954575092369696,0.11772210567130485,3022,-0.3261928363527271,0.1352778178787879
2024-07-02,-0.091957998904395,0.11761574238344001,3022,-0.3224848539759374,0.13856885616714743
2024-07-05,-0.10311981068542199,0.11700594348415105,3022,-0.33245145991435804,0.1262118385435141
2024-07-08,-0.0943381971168344,0.11714731039013214,3022,-0.3239469254814934,0.13527053124782457
2024-07-09,-0.09428567868095536,0.11706626595968188,3022,-0.3237355599619318,0.13516420260002113
2024-07-10,-0.09625050975776488,0.11668976888437751,3022,-0.3249624567711448,0.13246143725561504
2024-07-11,-0.09681648745666363,0.11788043096604645,3022,-0.32786213215011467,0.1342291572367874
2024-07-12,-0.11200501776878324,0.1168221012599994,3022,-0.3409763362383821,0.11696630070081557
2024-07-15,-0.12432341337660571,0.1159078112328446,3022,-0.35150272339298116,0.10285589663976971
2024-07-16,-0.1356359771361353,0.11602587872712924,3021,-0.36304669944130863,0.09177474516903802
2024-07-17,-0.14407875506321188,0.11560606501135616,3021,-0.37066664248547,0.0825091323590462
2024-07-18,-0.1538477749943254,0.11489475974906577,3021,-0.37904150410249426,0.07134595411384351
2024-07-19,-0.16672176920632953,0.11479632614686285,3021,-0.39172256845418074,0.05827903004152166
2024-07-22,-0.17016646818963058,0.11490406217275828,3021,-0.3953784300482368,0.055045493668975654
2024-07-23,-0.13584038534396323,0.12376825273064178,3021,-0.3784261606960211,0.10674539000809466
2024-07-24,-0.14646830433511054,0.12323783802044398,3021,-0.3880144668551807,0.09507785818495965
2024-07-25,-0.18061574172523037,0.11952191710821405,3021,-0.4148786992573299,0.05364721580686918
2024-07-26,-0.18553677023441528,0.11955241564458721,3021,-0.4198595048978062,0.04878596442897565
2024-07-29,-0.17840073796215575,0.1196959441400387,3021,-0.4130047884766316,0.05620331255232011
2024-07-30,-0.19869281697928148,0.11938565865221301,3021,-0.432688707937619,0.03530307397905602
2024-07-31,-0.17531280944510885,0.12053098528351376,3021,-0.41155354060079585,0.06092792171057812
2024-08-01,-0.20541506864235462,0.12321712221878328,3021,-0.44692062819116984,0.036090490906460604
2024-08-02,-0.24089961338573096,0.128224735995159,3021,-0.49222009593624255,0.010420869164780633
2024-08-05,-0.2371149883457947,0.12743476943082216,3021,-0.4868871364302061,0.012657159738616724
2024-08-06,-0.2766219791246575,0.13074683637623014,3021,-0.5328857784220686,-0.02035817982724647
2024-08-07,-0.3018536916968681,0.13089222705981096,3021,-0.5584024567340975,-0.045304926659638645
2024-08-08,-0.2999811755663459,0.13029091823825223,3021,-0.5553513753133204,-0.04461097581937151
2024-08-09,-0.29005755826194746,0.1304728612616657,3021,-0.5457843663348123,-0.03433075018908266
2024-08-12,-0.28996938616845674,0.13031232035458812,3021,-0.5453815340634495,-0.03455723827346402
2024-08-13,-0.2792662407517966,0.1313679732433138,3021,-0.5367474683086917,-0.02178501319490156
2024-08-14,-0.26865759840867076,0.13095289649594152,3021,-0.5253252755407161,-0.011989921276625404
2024-08-15,-0.27185525592475834,0.1308153427363654,3021,-0.5282533276880346,-0.015457184161482174
2024-08-16,-0.27342125229989783,0.13150505740621607,3021,-0.5311711648160813,-0.015671339783714322
2024-08-19,-0.271926701563901,0.13119426366617928,3021,-0.5290674583496124,-0.014785944778189564
2024-08-20,-0.2709940340890544,0.13137889619752915,3021,-0.5284966706362115,-0.013491397541897265
2024-08-21,-0.2776924497484906,0.1306939337172418,3021,-0.5338525598342845,-0.021532339662696687
2024-08-22,-0.28201741992138374,0.13020586722519606,3021,-0.537220919682768,-0.02681392015999945
2024-08-23,-0.2883725598576362,0.1300341618794336,3021,-0.543239517141326,-0.03350560257394636
2024-08-26,-0.28747372029238855,0.13006058283059704,3021,-0.5423924626403587,-0.03255497794441836
2024-08-27,-0.28935558523766886,0.13036854175475138,3021,-0.5448779270769816,-0.03383324339835614
2024-08-28,-0.2857035229179211,0.13089099271753848,3021,-0.5422498686442965,-0.029157177191545702
2024-08-29,-0.28248286253656024,0.13083516787184188,3021,-0.5389197915653703,-0.02604593350775014
2024-08-30,-0.28878475407654636,0.13047823465768418,3021,-0.5445220940056074,-0.033047414147485354
2024-09-03,-0.2851855249334321,0.1307450831730447,3021,-0.5414458879525996,-0.028925161914264474
2024-09-04,-0.28334784119565887,0.1306422990642248,3021,-0.5394067473615395,-0.02728893502977825
2024-09-05,-0.2767849576470203,0.1310502969079989,3021,-0.5336435395866982,-0.01992637570734246
2024-09-06,-0.2910226545687557,0.1305364487621972,3021,-0.5468740941426622,-0.03517121499484921
2024-09-09,-0.286091745847637,0.12999430015578825,3021,-0.540880574152982,-0.031302917542292086
2024-09-10,-0.27403803388360487,0.1292450150719645,3021,-0.5273582634246553,-0.020717804342554436
2024-09-11,-0.27319898065304027,0.1287115596614599,3021,-0.5254736375895017,-0.020924323716578874
2024-09-12,-0.2755252632013317,0.12873826828602325,3021,-0.5278522690419373,-0.023198257360726116
2024-09-13,-0.2782922486436025,0.1286640792563012,3021,-0.5304738439859529,-0.026110653301252174
2024-09-16,-0.2755062014129229,0.12855686735569863,3021,-0.5274776614300922,-0.023534741395753622
2024-09-17,-0.2782825383648198,0.12860241728273197,3021,-0.5303432762389745,-0.026221800490665137
2024-09-18,-0.3283098114435082,0.13314341122669995,3021,-0.58927089744784,-0.0673487254391763
2024-09-19,-0.3302303581959013,0.13291681075318465,3021,-0.5907473072721432,-0.0697134091196594
2024-09-20,-0.3282199421226739,0.13176211586041175,3021,-0.5864736892090809,-0.06996619503626689
2024-09-23,-0.32738791311306864,0.13168429140112678,3021,-0.5854891242592771,-0.06928670196686015
2024-09-24,-0.36129816142972326,0.12839103809512298,3021,-0.6129445960961644,-0.10965172676328222
2024-09-25,-0.3582535970725821,0.12834221911442628,3021,-0.6098043465368577,-0.10670284760830656
2024-09-26,-0.37057459488268235,0.12871130211898524,3021,-0.6228487470358934,-0.11830044272947127
2024-09-27,-0.36556604618657396,0.1289127263223207,3021,-0.6182349897783226,-0.11289710259482538
2024-09-30,-0.3660173076676477,0.12735601894151843,3021,-0.6156351047930237,-0.11639951054227154
2024-10-01,-0.36440297565984076,0.1273259614757987,3021,-0.6139618601524062,-0.11484409116727531
2024-10-02,-0.3540683065955758,0.12780697751700557,3021,-0.6045699825289067,-0.10356663066224492
2024-10-03,-0.3410463728132805,0.12795128293861088,3021,-0.5918308873729579,-0.09026185825360317
2024-10-04,-0.3365670399408812,0.12870577464427532,3021,-0.5888303582436609,-0.08430372163810157
2024-10-07,-0.34204695017263875,0.12869265757156476,3021,-0.5942845590129057,-0.08980934133237184
2024-10-08,-0.3405867913806792,0.12857603827988062,3021,-0.5925958264092452,-0.08857775635211318
2024-10-09,-0.34897526603967277,0.12803969529603662,3021,-0.5999330688199045,-0.098017463259441
2024-10-10,-0.332466725024388,0.12975567986198486,3021,-0.5867878575538783,-0.07814559249489772
2024-10-11,-0.33507783462944,0.1295663196418079,3021,-0.5890278211273835,-0.08112784813149654
2024-10-14,-0.33815318845131426,0.129450232795167,3021,-0.5918756447298416,-0.08443073217278696
2024-10-15,-0.3425736467590429,0.12949569971389654,3021,-0.59638521819828,-0.08876207531980568
2024-10-16,-0.3438057000972189,0.12944067521237249,3021,-0.597509423513469,-0.09010197668096881
2024-10-17,-0.34537019153199344,0.12920943572083313,3021,-0.5986206855448264,-0.09211969751916049
2024-10-18,-0.3511679101081633,0.12869194386339686,3021,-0.6034041200804211,-0.09893170013590546
2024-10-21,-0.3506644649380099,0.12843158473180746,3021,-0.6023903710123526,-0.09893855886366726
2024-10-22,-0.3541585138515309,0.12837104227996524,3021,-0.6057657567202628,-0.10255127098279904
2024-10-23,-0.35120078260810494,0.12815327086742695,3021,-0.6023811935082617,-0.10002037170794814
2024-10-24,-0.3576844599031591,0.12797424041280137,3021,-0.6085139711122498,-0.10685494869406842
2024-10-25,-0.3542494602887684,0.1281499273595676,3021,-0.6054233179135209,-0.10307560266401594
2024-10-28,-0.3531516512252522,0.12781421311667995,3020,-0.6036675089339449,-0.10263579351655949
2024-10-29,-0.35917014499441163,0.1273308787862415,3020,-0.6087386674154449,-0.1096016225733783
2024-10-30,-0.3275840136849519,0.12847091226391363,3020,-0.5793870017222226,-0.07578102564768119
2024-10-31,-0.3305839667179286,0.12737336329363738,3020,-0.5802357587734579,-0.08093217466239935
2024-11-01,-0.3343873674087673,0.12739281474287267,3020,-0.5840772843047977,-0.08469745051273686
2024-11-04,-0.33569654060170406,0.12715484670155242,3020,-0.5849200401367468,-0.08647304106666134
2024-11-05,-0.34521080582080954,0.12638286669661672,3020,-0.5929212245461783,-0.09750038709544079
2024-11-06,-0.3448519125711223,0.12601221766052276,3021,-0.5918358591857469,-0.09786796595649769
2024-11-07,-0.3452837699972974,0.1260621074860705,3021,-0.5923655006699955,-0.0982020393245992
2024-11-08,-0.3330291301163415,0.12685539311919958,3021,-0.5816657006299727,-0.08439255960271033
2024-11-11,-0.337837985406456,0.12643929146156352,3021,-0.5856589966711205,-0.0900169741417915
2024-11-12,-0.33761390852896256,0.12655291072643554,3016,-0.5856576135527762,-0.08957020350514891
2024-11-14,-0.34739840683184325,0.12617284858467934,3016,-0.5946971900578147,-0.10009962360587177
2024-11-18,-0.345939479914673,0.12587195903711962,3016,-0.5926485196274275,-0.09923044020191854
2024-11-19,-0.33654392975800035,0.1260604924565281,3016,-0.5836224949727954,-0.0894653645432053
2024-11-20,-0.32484777813865967,0.1260469948385617,3016,-0.5718998880222406,-0.07779566825507878
2024-11-21,-0.3242581600617607,0.12561820249717168,3016,-0.5704698369562172,-0.07804648316730425
2024-11-22,-0.3208197430615478,0.12566290529125215,3016,-0.567119037432402,-0.0745204486906936
2024-11-25,-0.3169204203439725,0.12363517381868798,3016,-0.5592453610286009,-0.07459547965934407
2024-11-26,-0.3189314936980819,0.1235803670054539,3014,-0.5611490130287715,-0.07671397436739225
2024-11-27,-0.31703990146055266,0.12352380487975459,3014,-0.5591465590248716,-0.07493324389623368
2024-12-02,-0.31449060504401094,0.12354648398708387,3014,-0.5566417136586953,-0.07233949642932655
2024-12-03,-0.31447179385918145,0.12329107109059428,3014,-0.5561222931967462,-0.07282129452161665
2024-12-04,-0.3179808652959171,0.12330148666200874,3014,-0.5596517791534543,-0.07630995143837999
2024-12-05,-0.31914540930870866,0.12337025702353716,3008,-0.5609511130748415,-0.07733970554257585
2024-12-06,-0.30586437558448476,0.12455464876984221,3008,-0.5499914871733755,-0.06173726399559404
2024-12-09,-0.3012188220041159,0.12334708880175357,3008,-0.5429791160555529,-0.05945852795267892
2024-12-10,-0.29865400675882564,0.12298756462987132,3008,-0.5397096334333734,-0.05759838008427787
2024-12-11,-0.29563597972363886,0.12276541583643391,3008,-0.5362561947630493,-0.05501576468422839
2024-12-12,-0.2918737112545464,0.12283045978731819,3008,-0.53262141243769,-0.05112601007140277
2024-12-13,-0.2898513843043267,0.12225333433182627,3008,-0.5294679195947062,-0.05023484901394723
2024-12-16,-0.28457824398941794,0.12204516920655539,3008,-0.5237867756342665,-0.04536971234456938
2024-12-17,-0.28184292910538755,0.1218436485423387,3008,-0.5206564802483714,-0.04302937796240369
2024-12-18,-0.3067684027543813,0.11860145689420704,3008,-0.539227258267027,-0.0743095472417355
2024-12-19,-0.29630164699299,0.1201270208265883,3008,-0.5317506078131031,-0.060852686172876924
2024-12-20,-0.3034948868536062,0.11637329820370704,3008,-0.531586551332872,-0.07540322237434041
2024-12-23,-0.3010215518565264,0.11617457701310624,3008,-0.5287237228022146,-0.07331938091083817
2024-12-26,-0.29783288154122756,0.11655938472411143,3008,-0.526289275600486,-0.06937648748196917
2024-12-27,-0.3066894078825321,0.11681681377467316,3008,-0.5356503628808915,-0.07772845288417268
2024-12-30,-0.303912350052181,0.11671441383550407,3008,-0.5326726011697689,-0.07515209893459301
2024-12-31,-0.29893210865888853,0.11610766970198957,3008,-0.526503141274788,-0.07136107604298897
2025-01-02,-0.2977830589670375,0.11590613294547109,3008,-0.5249590795401609,-0.07060703839391416
2025-01-03,-0.29270999548049076,0.11592098509831983,3008,-0.5199151262731976,-0.06550486468778391
2025-01-06,-0.29852713534656866,0.11531040677791621,3008,-0.5245355326312844,-0.07251873806185291
2025-01-07,-0.3024390735409954,0.11494890038429398,3008,-0.5277389182942116,-0.07713922878777923
2025-01-08,-0.3053574854666498,0.11497997453896677,3008,-0.5307182355630247,-0.07999673537027494
2025-01-10,-0.2996177537322398,0.1154908848721868,3008,-0.5259798880817259,-0.07325561938275368
2025-01-13,-0.27786212658647064,0.11624917462807202,3008,-0.5057105088574918,-0.05001374431544947
2025-01-14,-0.2664059424686307,0.11648191081094864,3008,-0.49471048765809,-0.03810139727917136
2025-01-15,-0.2683622009393322,0.11661162861891089,3008,-0.49692099303239756,-0.039803408846266874
2025-01-16,-0.27987133415462917,0.11639767604039038,3008,-0.5080107791937943,-0.05173188911546403
2025-01-17,-0.2808400654271601,0.1163611332355975,3008,-0.5089078865689312,-0.052772244285389014
2025-01-21,-0.28888425331379436,0.11611669042914008,3008,-0.5164729665549089,-0.061295540072679816
2025-01-22,-0.29479349899730467,0.11568818453449942,3008,-0.5215423406849236,-0.06804465730968581
2025-01-23,-0.2950216967645914,0.11523674963099925,3008,-0.52088572604135,-0.06915766748783286
2025-01-24,-0.3139400231146346,0.11724943800540515,3008,-0.5437489216052287,-0.08413112462404052
2025-01-27,-0.3161984132987898,0.11663044095047673,3008,-0.5447940775617242,-0.08760274903585541
2025-01-28,-0.3181193359882128,0.11627890081895882,3008,-0.5460259815933721,-0.09021269038305352
2025-01-29,-0.32175959111440366,0.1159424516183359,3008,-0.5490067962863421,-0.0945123859424653
2025-01-30,-0.3304669869046739,0.11496107624758746,3008,-0.5557906963499453,-0.1051432774594025
2025-01-31,-0.34195473634280543,0.11536127894432209,3008,-0.5680628430736767,-0.11584662961193415
2025-02-03,-0.3384134607795963,0.11519965630150238,3008,-0.5642047871305409,-0.11262213442865163
2025-02-04,-0.3451291290886701,0.11556525961592713,3008,-0.5716370379358873,-0.11862122024145294
2025-02-05,-0.3453747678978441,0.11549095042709896,3008,-0.5717370307349581,-0.11901250506073013
2025-02-06,-0.34814971259430233,0.11471105740044683,3008,-0.5729833850991781,-0.12331604008942654
2025-02-07,-0.3563332656626287,0.1138540061825841,3008,-0.5794871177804934,-0.13317941354476387
2025-02-10,-0.3460896121951125,0.11471475437447311,3008,-0.5709305307690797,-0.12124869362114518
2025-02-11,-0.3323421033169687,0.11485452488449199,3008,-0.557456972090573,-0.10722723454336436
2025-02-12,-0.3450469885634465,0.1133838638257912,3008,-0.5672793616619973,-0.12281461546489575
2025-02-13,-0.3445580635442782,0.11396392397220974,3008,-0.5679273545298092,-0.12118877255874713
2025-02-14,-0.34644222029305766,0.11407504622994152,3008,-0.5700293109037431,-0.12285512968237228
2025-02-18,-0.35059029640710393,0.11338098885939192,3008,-0.5728170345715121,-0.12836355824269577
2025-02-19,-0.3504620644396752,0.11324874267724237,3008,-0.5724296000870702,-0.12849452879228015
2025-02-20,-0.349791132430077,0.11326076357688741,3008,-0.5717822290407764,-0.12780003581937766
2025-02-21,-0.3582860912535071,0.11252004645894917,3008,-0.5788253823130475,-0.1377468001939667
2025-02-24,-0.36167551169016005,0.11250673228681293,3008,-0.5821887069723134,-0.1411623164080067
2025-02-25,-0.3655609300824303,0.1120256099012627,3008,-0.5851311254889051,-0.1459907346759554
2025-02-26,-0.3612305049554013,0.11224258591006864,3008,-0.5812259733391358,-0.1412350365716668
2025-02-27,-0.35741082453298134,0.11207815138737887,3008,-0.5770840012522439,-0.13773764781371878
2025-02-28,-0.3473943217902756,0.1094993373640479,3008,-0.5620130230238094,-0.1327756205567417
2025-03-03,-0.40992382822158907,0.10622069519089554,3008,-0.6181163907957443,-0.20173126564743382
2025-03-04,-0.39112686808668734,0.10235920588309064,3008,-0.591750911617545,-0.1905028245558297
2025-03-05,-0.3885700175104053,0.10234985054702474,3008,-0.5891757245825738,-0.18796431043823683
2025-03-06,-0.39165042576505804,0.10221928359652023,3008,-0.5920002216142377,-0.1913006299158784
2025-03-07,-0.398750392899639,0.10240812166636591,3008,-0.5994703113657162,-0.1980304744335618
2025-03-10,-0.3973951317703922,0.10222359412587724,3008,-0.5977533762571116,-0.19703688728367283
2025-03-11,-0.43363966745314575,0.1074564698594468,3009,-0.6442543483776615,-0.22302498652863
2025-03-12,-0.43706046785799707,0.10722403275975269,3009,-0.6472195720671123,-0.2269013636488818
2025-03-13,-0.4467802247172865,0.10685051903628198,3009,-0.6562072420283992,-0.23735320740617383
2025-03-14,-0.46067190851783457,0.10657895209178823,3009,-0.6695666546177395,-0.25177716241792963
2025-03-17,-0.4569154570808652,0.10657057774840686,3009,-0.6657937894677426,-0.24803712469398773
2025-03-18,-0.4612303060107417,0.10655804940162424,3009,-0.6700840828379252,-0.25237652918355824
2025-03-19,-0.45955251408662323,0.10658116281560026,3009,-0.6684515932051998,-0.2506534349680467
2025-03-20,-0.4653067929292246,0.10636998993594106,3009,-0.673791973203669,-0.25682161265478015
2025-03-21,-0.4373675290089133,0.10952904515785675,3009,-0.6520444575183125,-0.22269060049951409
2025-03-24,-0.43313242901773324,0.10945260752966451,3009,-0.6476595397758756,-0.21860531825959081
2025-03-25,-0.4325404303769742,0.10960739018747953,3009,-0.6473709151444341,-0.21770994560951432
2025-03-26,-0.43178746037995586,0.10920549372146753,3009,-0.6458302280740322,-0.2177446926858795
2025-03-27,-0.4239554382633708,0.10855096871639532,3009,-0.6367153369475056,-0.21119553957923598
2025-03-28,-0.428268561649379,0.10902623400148677,3009,-0.6419599802922931,-0.21457714300646494
2025-03-31,-0.4268414781158767,0.10832212117713362,3009,-0.6391528356230586,-0.2145301206086948
2025-04-01,-0.4404923460024669,0.10823810167084888,3009,-0.6526390252773306,-0.2283456667276031
2025-04-02,-0.47129951996734015,0.1125853340053556,3009,-0.6919667746178371,-0.2506322653168432
2025-04-03,-0.46427603596818373,0.1129794149963949,3009,-0.6857156893611177,-0.24283638257524973
2025-04-04,-0.35490735197503487,0.15259929541449702,3009,-0.6540019709874489,-0.05581273296262074
2025-04-07,-0.275678876329561,0.16900753199653906,3009,-0.6069336390427775,0.05557588638365557
2025-04-08,-0.27482147685377434,0.16897507757770167,3009,-0.6060126289060697,0.05636967519852093
2025-04-09,-0.30572470530097584,0.17111667685229187,3009,-0.6411133919314679,0.029663981329516198
2025-04-10,-0.3036480849954042,0.1686290123749177,3009,-0.6341609492502429,0.02686477925943448
2025-04-11,-0.3049094696859948,0.16838485681063625,3009,-0.6349437890348418,0.025124849662852222
2025-04-14,-0.2981892702464689,0.16786392606644715,3009,-0.6272025653367053,0.030824024843767506
2025-04-15,-0.301921212186621,0.1677157275845132,3009,-0.6306440382522669,0.026801613879024855
2025-04-16,-0.27380445118246216,0.16136718294911337,3009,-0.5900841297627244,0.04247522739780002
2025-04-17,-0.2738343938060258,0.16130156207889634,3009,-0.5899854554806626,0.04231666786861099
2025-04-21,-0.2528138558519482,0.1605272750906316,3009,-0.5674473150295862,0.061819603325689754
2025-04-22,-0.2052263537093592,0.16593389242476841,3009,-0.5304567828619053,0.12000407544318686
2025-04-23,-0.2064668717319192,0.1660164895894077,3009,-0.5318591913271583,0.11892544786331993
2025-04-24,-0.19972486818764013,0.16500466562523847,3009,-0.5231340128131075,0.12368427643782726
2025-04-25,-0.19460030787052834,0.1651193021148253,3009,-0.5182341400155859,0.12903352427452924
2025-04-28,-0.1977727852292417,0.16507836117965458,3009,-0.5213263731413647,0.12578080268288128
2025-04-29,-0.2044606756509137,0.16461893017819895,3009,-0.5271137788001836,0.11819242749835623
2025-04-30,-0.1641800165048054,0.16665772579508953,3009,-0.49082915906318086,0.16246912605357006
2025-05-01,-0.17907047444175878,0.16597088092872958,3009,-0.5043734010620687,0.1462324521785512
2025-05-02,-0.1698014616960029,0.1658410187659212,3009,-0.49484985847720847,0.15524693508520265
2025-05-05,-0.16676082607408604,0.16555623612248718,3009,-0.49125104887416093,0.15772939672598885
2025-05-06,-0.16489581718840315,0.16525256461014648,3009,-0.4887908438242903,0.15899920944748394
2025-05-07,-0.15090078520977024,0.16282334994765693,3009,-0.47003455110717784,0.16823298068763737
2025-05-08,-0.15176359301359954,0.16130204123004216,3009,-0.46791559382448217,0.1643884077972831
2025-05-09,-0.15063187157423408,0.1629860990655291,3009,-0.4700846257426711,0.16882088259420297
2025-05-12,-0.12971262698116448,0.169806291668105,3009,-0.4625329586506503,0.20310770468832134
2025-05-13,-0.12904840669786244,0.16967916865778568,3009,-0.4616195772671224,0.2035227638713975
2025-05-14,-0.1315458914450508,0.16980626457124465,3009,-0.4643661700046903,0.20127438711458873
2025-05-15,-0.12452562668361333,0.16949829636476654,3009,-0.4567422875585557,0.20769103419132906
2025-05-16,-0.12690405535446436,0.1696668682858667,3009,-0.45945111719476306,0.20564300648583433
2025-05-19,-0.1280915980799666,0.1695123786158108,3009,-0.4603358601669558,0.20415266400702262
2025-05-20,-0.13078345763433155,0.16957616770513223,3009,-0.4631527463363907,0.20158583106772762
2025-05-21,-0.13085371274476257,0.1693327077050837,3009,-0.4627458198467267,0.20103839435720153
2025-05-22,-0.10898914638072427,0.16904183429403302,3009,-0.440311141597029,0.22233284883558047
2025-05-23,-0.11365421498765277,0.169059945917516,3009,-0.44501170898598413,0.2177032790106786
2025-05-27,-0.11236400461478768,0.16897328539305967,3009,-0.44355164398518465,0.2188236347556093
2025-05-28,-0.1303018041113948,0.16951574835397398,3009,-0.4625526708851838,0.2019490626623942
2025-05-29,-0.1306122610704151,0.1694759194114602,3009,-0.46278506311687706,0.2015605409760469
2025-05-30,-0.13053943636727383,0.16865142767607752,3009,-0.46109623461238575,0.20001736187783808
2025-06-02,-0.12775774677426874,0.16887452016149773,3009,-0.45875180629080425,0.2032363127422668
2025-06-03,-0.1379632598426297,0.1687226118000491,3009,-0.4686595789707259,0.19273305928546652
2025-06-04,-0.1370644167069911,0.16907680752646387,3009,-0.4684549594588603,0.1943261260448781
2025-06-05,-0.13160755038262292,0.16893845405345692,3009,-0.4627269203273985,0.1995118195621526
2025-06-06,-0.12309242925360621,0.16882036608825096,3009,-0.45398034678657806,0.20779548827936567
2025-06-09,-0.11735515367931504,0.1679428146207117,3009,-0.44652307033591,0.2118127629772799
2025-06-10,-0.11358443597060529,0.16814668361817867,3009,-0.4431519358622355,0.2159830639210249
2025-06-11,-0.12362553684086065,0.1711082827716499,3009,-0.4589977710732945,0.2117466973915732
2025-06-12,-0.1224490064278188,0.17151267084599395,3009,-0.45861384128596694,0.21371582843032932
2025-06-13,-0.12460910792109904,0.17163923213788354,3009,-0.46102200291135076,0.2118037870691527
2025-06-16,-0.12444922530198867,0.1716999411773072,3009,-0.46098111000951075,0.21208265940553345
2025-06-17,-0.12445077911790965,0.17186754220872263,3009,-0.461311161847006,0.21240960361118671
2025-06-18,-0.12450638799734136,0.1712752095541541,3009,-0.4602057987234834,0.21119302272880064
2025-06-20,-0.12269340710759313,0.17120603193287046,3009,-0.45825722969601923,0.21287041548083296
2025-06-23,-0.12547287211579558,0.1715418877987444,3009,-0.4616949722013346,0.21074922796974346
2025-06-24,-0.12272075925865603,0.17270414781414353,3009,-0.4612208889743773,0.21577937045706527
2025-06-25,-0.123118254876346,0.17261436041296616,3009,-0.46144240128575964,0.21520589153306766
2025-06-26,-0.1223204501222599,0.17251913593806179,3009,-0.46045795656086097,0.21581705631634118
2025-06-27,-0.1139845115951357,0.1698361627550564,3009,-0.4468633905950462,0.21889436740477483
2025-06-30,-0.11398149301649901,0.1697921941389396,3009,-0.4467741935288206,0.21881120749582256
2025-07-01,-0.11999773979771543,0.16977491213954166,3009,-0.4527565675912171,0.2127610879957862
2025-07-02,-0.12023957992963923,0.17075453677408978,3009,-0.4549184720068552,0.21443931214757672
2025-07-07,-0.11191159349887872,0.17160997488999605,3009,-0.44826714428327097,0.2244439572855135
2025-07-08,-0.11093069104163239,0.17165205661563374,3009,-0.4473687220082745,0.2255073399250097
2025-07-09,-0.10778944124286406,0.17215405008354873,3009,-0.44521137940661953,0.22963249692089144
2025-07-10,-0.10866535902593778,0.17226504803328418,3009,-0.44630485317117474,0.2289741351192992
2025-07-11,-0.10876536148542569,0.17420303425996578,3009,-0.4502033086349586,0.2326725856641072
2025-07-14,-0.10722542818938789,0.17436456801714795,3009,-0.4489799815029979,0.23452912512422208
2025-07-15,-0.11081931693119214,0.17444453995914858,3009,-0.45273061525112335,0.2310919813887391
2025-07-16,-0.10727888596822008,0.17479410575802062,3009,-0.44987533325394047,0.23531756131750034
2025-07-17,-0.10819167819227583,0.17493216015016644,3009,-0.45105871208660203,0.2346753557020504
2025-07-18,-0.10928041791619758,0.17503236005224274,3009,-0.4523438436185933,0.23378300778619815
2025-07-21,-0.10876711041201247,0.17535257676572055,3009,-0.45245816087282476,0.2349239400487998
2025-07-22,-0.10943792333263004,0.17537791869082983,3009,-0.45317864396665647,0.23430279730139641
2025-07-23,-0.0995107127519086,0.17638596702365048,3009,-0.4452272081182635,0.2462057826144463
2025-07-24,-0.09953466811609035,0.17648717306422956,3009,-0.4454495273219803,0.24638019108979958
2025-07-25,-0.0962204458584071,0.1761510915740964,3010,-0.44147658534363604,0.24903569362682182
2025-07-28,-0.091339324578702,0.1761688679400711,3010,-0.4366303057412414,0.25395165658383734
2025-07-29,-0.09123822690303988,0.17643654541305567,3010,-0.437053855912629,0.2545774021065492
2025-07-30,-0.07769935272450443,0.17569027956117217,3010,-0.4220523006644019,0.266653595215393
2025-07-31,-0.07855396990789082,0.17589473648085202,3010,-0.42330765341036075,0.2661997135945791
2025-08-01,-0.10279152123411871,0.1747176217036656,3010,-0.4452380597733033,0.23965501730506583
2025-08-04,-0.10081478128424645,0.17494633391020956,3010,-0.4437095957482572,0.24208003317976426
2025-08-05,-0.0825487402927455,0.17884729853573483,3010,-0.43308944542278577,0.26799196483729476
2025-08-06,-0.08395178646232034,0.1788344972381527,3010,-0.4344674010490996,0.26656382812445895
2025-08-07,-0.0830164550754999,0.17803119017589858,3010,-0.43195758782026106,0.2659246776692613
2025-08-08,-0.07393573380912241,0.1781203788136565,3010,-0.4230516762838892,0.2751802086656443
2025-08-11,-0.08571648787766578,0.178585477401506,3010,-0.4357440235846175,0.26431104782928594
2025-08-12,-0.06889069195903802,0.17783635013003438,3010,-0.4174499382139054,0.2796685542958294
2025-08-13,-0.04728980327840309,0.17653926372829223,3010,-0.39330676018585586,0.29872715362904967
2025-08-14,-0.046717841926267455,0.17720384359496585,3010,-0.3940373753724005,0.30060169151986565
2025-08-15,-0.014823975833989683,0.17698930879658806,3010,-0.3617230210753023,0.3320750694073229
2025-08-18,0.0035671479987707828,0.17727877134817493,3010,-0.34389924384365206,0.3510335398411936
2025-08-19,0.004187679294498865,0.17781606682954787,3010,-0.34433181169141497,0.3527071702804127
2025-08-20,0.0041015795707875545,0.17792602627664106,3010,-0.3446334319314289,0.352836591073004
2025-08-21,0.003437412947552324,0.1779231470676336,3010,-0.3452919553050095,0.3521667812001142
2025-08-22,0.0020255944271247803,0.1781225337381885,3010,-0.3470945716997247,0.3511457605539743
2025-08-25,-0.0018470698033013159,0.17859772740321947,3010,-0.35189861551361146,0.34820447590700887
2025-08-26,-0.0020127641043647714,0.17847155221640662,3010,-0.35181700644852176,0.3477914782397922
2025-08-27,-0.0016503736781735496,0.1784583466284033,3010,-0.351428733069844,0.3481279857134969
2025-08-28,0.0006334823995131252,0.17889484867754993,3010,-0.3500004210084847,0.35126738580751093
2025-08-29,-0.0018472681931108173,0.179093980557286,3010,-0.3528714700853914,0.34917693369916974
2025-09-02,0.0020760433857847835,0.17912943792241134,3010,-0.3490176549421415,0.353169741713711
2025-09-03,0.004845536409621431,0.17873396839819297,3010,-0.3454730416508368,0.3551641144700797
2025-09-04,0.005590323088719658,0.17848086039904085,3010,-0.3442321632934004,0.3554128094708397
2025-09-05,0.005959188334290377,0.1782750684597321,3010,-0.3434599458467845,0.3553783225153653
2025-09-08,0.0049772150315178215,0.1780370880602567,3010,-0.3439754775665853,0.35392990762962095
2025-09-09,0.005469728762139003,0.1779952969281432,3010,-0.34340105321702163,0.3543405107412997
2025-09-10,0.007217918718467842,0.17813931027194585,3010,-0.341935129414546,0.3563709668514817
2025-09-11,0.013163205828102428,0.17841301674794152,3010,-0.33652630699786296,0.3628527186540678
2025-09-12,0.016574001847344023,0.17828250269186138,3010,-0.33285970342870425,0.3660077071233923
2025-09-15,0.016877043840308924,0.17825348774116467,3010,-0.33249979213237385,0.3662538798129917
2025-09-16,0.015551192438361026,0.17825125968951652,3010,-0.33382127655309135,0.36492366142981336
2025-09-17,0.022762084787550693,0.17851898510853975,3010,-0.3271351260251872,0.3726592956002886
2025-09-18,0.01799772227439685,0.17866169038381005,3010,-0.33217919087787084,0.3681746354266645
2025-09-19,0.01879802449488271,0.17855959466930393,3010,-0.331178781056953,0.3687748300467184
2025-09-22,0.0176106356509878,0.17890093228604834,3010,-0.33303519162966694,0.36825646293164255
2025-09-23,0.01736175587839061,0.17886754488510487,3010,-0.3332186320964149,0.3679421438531961
2025-09-24,0.01800537862565138,0.1788658741273814,3010,-0.3325717346640161,0.3685824919153189
2025-09-25,0.016353617464441576,0.17890545084735765,3010,-0.3343010661963794,0.36700830112526256
2025-09-26,0.01722327994696948,0.17889062021344704,3010,-0.3334023356713867,0.3678488955653257
2025-09-29,0.055204982281720646,0.17677085548223118,3010,-0.2912658944634524,0.40167585902689373
2025-09-30,0.05376317658110815,0.17692354539689484,3010,-0.29300697239680573,0.400533325559022
2025-10-01,0.05438757404657776,0.17801755035104563,3010,-0.2945268246414717,0.40330197273462715
2025-10-02,0.04984895066984418,0.1774757152531647,3010,-0.29800345122635863,0.397701352566047
2025-10-03,0.05152440210011773,0.17752296817471708,3010,-0.29642061552232774,0.39946941972256317
2025-10-06,0.05184436695572402,0.17764907113041328,3010,-0.296347812459886,0.40003654637133407
2025-10-07,0.05123419059740189,0.17746830494203625,3010,-0.2966036870889891,0.39907206828379294
2025-10-08,0.053749343728161134,0.17751538995642727,3010,-0.2941808205864363,0.4016795080427586
2025-10-09,0.0557227910719566,0.17904653004862506,3010,-0.2952084078233485,0.4066539899672617
2025-10-10,0.03571462117388439,0.1789121199204445,3010,-0.3149531338701868,0.3863823762179556
2025-10-13,0.02962400201130449,0.1790788289443232,3010,-0.32137050271956896,0.38061850674217795
2025-10-14,0.011804357864679052,0.17930422182169226,3010,-0.33963191690583777,0.36324063263519585
2025-10-15,0.013555153660772298,0.17940587626043844,3010,-0.33808036380968703,0.36519067113123166
2025-10-16,0.013367092594053227,0.17908642292124619,3010,-0.3376422963315893,0.36437648151969576
2025-10-17,0.013115043367854178,0.17923523420487222,3010,-0.3381860156736954,0.36441610240940375
2025-10-20,0.015118908497036919,0.1792073896917746,3010,-0.3361275752988413,0.3663653922929151
2025-10-21,0.002186997761263673,0.17908728645048072,3010,-0.3488240836816785,0.3531980792042059
2025-10-22,0.0022583961930880622,0.1792147808324881,3010,-0.3490025742385886,0.3535193666247647
2025-10-23,0.0015819294771724224,0.1791939630531759,3010,-0.3496382381070523,0.3528020970613972
2025-10-24,-0.0008354512441792541,0.1793847271033772,3010,-0.35242951636679853,0.35075861387844
2025-10-27,-0.0002020254784881187,0.17893642456926595,3010,-0.3509174176342494,0.3505133666772731
2025-10-28,-0.0032458493545803047,0.17894746986799437,3010,-0.3539828902958493,0.3474911915866886
2025-10-29,-0.011414553436918037,0.17876946566249788,3010,-0.3618027061354139,0.3389735992615778
2025-10-30,-0.02429385070918947,0.17929019571896307,3010,-0.3757026343183571,0.3271149328999781
2025-10-31,-0.0385960388343711,0.17902053793314576,3010,-0.38947629318333676,0.3122842155145946
2025-11-03,-0.034214552820538945,0.17895297950655553,3010,-0.3849623926533878,0.3165332870123099
2025-11-04,-0.03637744476721117,0.1786303739002384,3010,-0.3864929776116784,0.31373808807725606
2025-11-05,-0.038111683568675246,0.1771429681538188,3010,-0.38531190115016006,0.3090885340128096
2025-11-06,-0.030241556239091485,0.1768092010900084,3011,-0.3767875903755079,0.31630447789732496
2025-11-07,-0.017714292047646185,0.17626939539064843,3011,-0.36320230701331707,0.3277737229180247
2025-11-10,-0.024180582025951323,0.17684323319944648,3011,-0.3707933190968664,0.3224321550449638
2025-11-11,-0.020859375986298508,0.1776548456080448,3011,-0.36906287337806626,0.32734412140546926
2025-11-12,-0.021417045918874576,0.17757657054518788,3011,-0.3694671241874428,0.3266330323496937
2025-11-13,-0.020148777324618214,0.17769105834359,3011,-0.3684232516780546,0.32812569702881816
2025-11-14,-0.0183961645569735,0.17792359539534577,3011,-0.3671264115318512,0.3303340824179042
2025-11-17,-0.026326914206265484,0.17810772162197594,3011,-0.37541804858533834,0.32276422017280737
2025-11-18,-0.02891984718463768,0.1774315266185834,3011,-0.3766856393570612,0.3188459449877858
2025-11-19,-0.04388191935060754,0.17732168315387434,3011,-0.3914324183322012,0.30366857963098615
2025-11-20,-0.04734211423551166,0.17635617909142862,3011,-0.39300022525471173,0.2983159967836884
2025-11-21,-0.05261689591357686,0.17590843275429455,3016,-0.3973974241119942,0.29216363228484044
2025-11-24,-0.04909293366679003,0.17640643530515232,3016,-0.39484954686488855,0.2966636795313085
2025-11-25,-0.047110897384563914,0.17634832264482184,3016,-0.3927536097684147,0.2985318149992869
2025-11-26,-0.047024656465124534,0.17625503597556644,3016,-0.39248452697723474,0.29843521404698564
2025-12-01,-0.05236010602626633,0.17692097278707458,3016,-0.39912521268893253,0.29440500063639985
2025-12-02,-0.05275066477796608,0.17733215740579322,3016,-0.4003216932933208,0.2948203637373886
2025-12-03,-0.06112235426411056,0.17731635094225837,3016,-0.40866240211093696,0.28641769358271585
2025-12-04,-0.05952799253209159,0.1790669955037226,3016,-0.41049930371938786,0.29144331865520473
2025-12-05,-0.05857081350245737,0.17888975495245174,3018,-0.40919473320926275,0.29205310620434805
2025-12-08,-0.0603391914079584,0.17889225634872663,3018,-0.4109680138514626,0.2902896310355458
2025-12-09,-0.06233794574390149,0.17883369227987417,3018,-0.41285198261245487,0.28817609112465187
2025-12-10,-0.06214469462824274,0.1788020147934355,3018,-0.4125966436233763,0.2883072543668908
2025-12-11,-0.062133175649632756,0.17898137329574368,3018,-0.4129366673092904,0.28867031601002485
2025-12-12,-0.06080899039631789,0.17863802516446006,3024,-0.4109395197186596,0.28932153892602386
2025-12-15,-0.06450186438964255,0.17938511913111738,3024,-0.4160966978866326,0.2870929691073475
2025-12-16,-0.06829274693912551,0.1805864645680051,3024,-0.4222422174924155,0.28565672361416444
2025-12-17,-0.07601621000707295,0.180910077109759,3024,-0.43059996114220056,0.2785675411280547
2025-12-18,-0.08033593978905028,0.18142663680074,3024,-0.4359321479185007,0.2752602683404001
2025-12-19,-0.0812570888491557,0.1803910519439108,3024,-0.43482355065922085,0.2723093729609095
2025-12-22,-0.0825354456541063,0.18103561600800208,3024,-0.4373652530297904,0.2722943617215778
2025-12-23,-0.08606753141575305,0.18148529446696937,3024,-0.441778708571013,0.26964364573950694
2025-12-26,-0.08371880826098219,0.1816565570891587,3024,-0.43976566015573326,0.27232804363376883
2025-12-29,-0.05743589261053747,0.18458529894066014,3024,-0.41922307853423135,0.30435129331315636
2025-12-30,-0.06890234763761927,0.1854741654925495,3024,-0.4324317120030163,0.29462701672777775
2025-12-31,-0.0564297209003231,0.18955883792101527,3024,-0.42796504322551304,0.3151056014248668
2026-01-02,-0.0609287319487601,0.1901100809155087,3024,-0.43354449054315713,0.31168702664563697
2026-01-05,-0.061479431027472595,0.18999752305590722,3024,-0.4338745762170508,0.31091571416210556
2026-01-06,-0.05275815118771707,0.18960762402096745,3024,-0.4243890942688132,0.31887279189337914
2026-01-07,-0.04698492429920849,0.18957124048783527,3024,-0.4185445556553656,0.32457470705694863
2026-01-08,-0.049490101898598766,0.19123418376533582,3024,-0.42430910207865696,0.32532889828145944
2026-01-09,-0.0471472753384801,0.1913890007413109,3024,-0.4222697167914495,0.32797516611448924
2026-01-12,-0.04900200756538513,0.1910114834167117,3024,-0.4233845150621401,0.3253804999313698
2026-01-13,-0.04747187378339982,0.1912482195215279,3024,-0.4223183840455945,0.32737463647879483
2026-01-14,-0.040749355970951195,0.19097569381115892,3024,-0.4150617158408227,0.3335630038989203
2026-01-15,-0.04107532255921724,0.1908818129700243,3024,-0.41520367598046487,0.33305303086203036
2026-01-16,-0.03109578457163054,0.190527454683985,3024,-0.4045295957522411,0.34233802660898005
2026-01-20,-0.047097712184661425,0.19323297930667552,3024,-0.4258343516257454,0.3316389272564226
2026-01-21,-0.05852837357767024,0.1943426886717122,3024,-0.43944004337422615,0.3223832962188856
2026-01-22,-0.05785099523775074,0.19423774430995766,3024,-0.4385569740852677,0.3228549836097663
2026-01-23,-0.047101464283207745,0.19418371319619712,3024,-0.42770154214775413,0.3334986135813386
2026-01-26,-0.045971703387807,0.1942390618864981,3024,-0.4266802646853432,0.33473685790972924
2026-01-27,-0.03918184609037671,0.1940294283392268,3024,-0.41947952563526125,0.3411158334545078
2026-01-28,-0.05170805288687701,0.19511061224680315,3024,-0.4341248528906112,0.33070874711685716
2026-01-29,-0.053261741564155377,0.19414462141671845,3024,-0.43378519954092354,0.3272617164126128
2026-01-30,-0.03934875917131188,0.19244305594076716,3024,-0.4165371488152155,0.33783963047259175
2026-02-02,-0.04402075742592325,0.19376574864084675,3024,-0.4238016247619829,0.3357601099101364
2026-02-03,-0.04365811424357384,0.1933110196034431,3024,-0.42254771266632235,0.33523148417917464
2026-02-04,-0.03200832495420966,0.19333919357030624,3024,-0.4109531443520099,0.34693649444359054
2026-02-05,-0.0156541530585383,0.19412405270258545,3024,-0.3961372963556058,0.3648289902385292
2026-02-06,-0.008423785869711735,0.19328462928674547,3024,-0.38726165927173284,0.3704140875323094
2026-02-09,-0.00695218009884424,0.19345603575709286,3024,-0.3861260101827462,0.37222164998505775
2026-02-10,-0.0028741147849797085,0.19318106902277535,3024,-0.3815090100696194,0.37576078049965994
2026-02-11,-0.004189427551336774,0.19317029492534804,3024,-0.3828032056050189,0.37442435050234535
2026-02-12,-0.001103484099100202,0.1937644556988696,3024,-0.38088181726888465,0.3786748490706842
2026-02-13,-0.00334239327124505,0.19391193204245613,3024,-0.38340978007445903,0.376724993531969
2026-02-17,-0.007918492161170368,0.19459313086767854,3024,-0.3893210286618203,0.37348404433947957
2026-02-18,-0.014336333556476965,0.19447641925426715,3024,-0.39551011529484054,0.3668374481818866
2026-02-19,-0.003976333027880939,0.1962677075284923,3024,-0.3886610397837258,0.38070837372796396
2026-02-20,-0.006560462794916656,0.1962099688299414,3024,-0.39113200170160184,0.3780110761117685
2026-02-23,-0.007813901468451356,0.19579789527510863,3024,-0.39157777620766426,0.3759499732707616
2026-02-24,-0.0008676107529678734,0.1965685800084264,3024,-0.38614202756948357,0.3844068060635478
2026-02-25,-5.356626278213948e-05,0.19659262974130498,3024,-0.3853751205557399,0.38526798803017565
2026-02-26,-0.003292018087052437,0.19674951863481535,3024,-0.3889210746112905,0.38233703843718564
2026-02-27,-0.01890294632178082,0.19626791494430074,3024,-0.40358805961261024,0.36578216696904864
2026-03-02,-0.03331447048588545,0.19829992229448432,3024,-0.4219823181830747,0.35535337721130383
2026-03-03,-0.027377207481876716,0.1992698436736213,3024,-0.41794610108217445,0.363191686118421
2026-03-04,-0.03030969553777252,0.19951930319869052,3024,-0.42136752980720593,0.3607481387316609
2026-03-05,-0.045502234702655145,0.2006416241217062,3024,-0.4387598179811993,0.347755348575889
2026-03-06,-0.0479889892971284,0.20560278224724987,3024,-0.4509704425017382,0.35499246390748135
2026-03-09,-0.017504114638830413,0.20425369421812,3024,-0.4178413553063456,0.3828331260286848
2026-03-10,-0.011341882172177721,0.2189024778029153,3024,-0.44039073866589173,0.41770697432153625
2026-03-11,-0.020134908404137584,0.21944234839237484,3024,-0.45024191125319224,0.4099720944449171
2026-03-12,-0.018949082569589243,0.21928768188476339,3024,-0.4487529390637255,0.41085477392454695
2026-03-13,-0.011565420999772265,0.21880410636420938,3024,-0.44042146947362265,0.41729062747407814
2026-03-16,-0.009212631910944624,0.21895794968919866,3024,-0.438370213301774,0.41994494947988475
2026-03-17,0.04424505683500168,0.21419717216666467,3024,-0.37558140061166106,0.46407151428166443
2026-03-18,0.04934965723883442,0.2140965357061231,3024,-0.37027955274516683,0.4689788672228357
2026-03-19,0.05016568337565238,0.21445604487535283,3024,-0.3701681645800392,0.4704995313313439
2026-03-20,0.06104571526831236,0.21426494950200217,3024,-0.3589135857556119,0.48100501629223663
2026-03-23,0.06082489033842761,0.21504017661736302,3024,-0.3606538558316039,0.4823036365084591
2026-03-24,0.05787873158949799,0.21510666973865675,3024,-0.36373034109826924,0.4794878042772652
2026-03-25,0.05588840692929708,0.21559782124334242,3024,-0.3666833227076541,0.47846013656624825
2026-03-26,0.06608626819569705,0.21588280787114011,3024,-0.35704403523173756,0.4892165716231317
2026-03-27,0.035330043460930084,0.21885463411874384,3024,-0.3936250394118078,0.46428512633366803
2026-03-30,0.04526389328029952,0.21842830658579232,3024,-0.38285558762785343,0.47338337418845244
